isDefective,CountLineCodeExe,AvgCyclomatic,AvgCyclomaticModified,AvgCyclomaticStrict,AvgEssential,AvgLine,AvgLineBlank,AvgLineCode,AvgLineComment,CountLine,CountLineBlank,CountLineCode,CountLineCodeDecl,CountLineComment,CountSemicolon,CountStmt,CountStmtDecl,CountStmtExe,MaxCyclomatic,MaxCyclomaticModified,MaxCyclomaticStrict,RatioCommentToCode,SumCyclomatic,SumCyclomaticModified,SumCyclomaticStrict,SumEssential,productName,dataset
0,36,6,6,6,1,24,3,19,1,77,12,61,13,4,34,51,10,41,15,15,17,0.07,18,18,20,3,openintents,RELINK
1,235,2,2,3,1,12,0,12,0,487,44,424,102,19,228,331,106,225,10,10,12,0.04,97,97,102,41,openintents,RELINK
0,7,4,4,6,1,20,1,14,6,29,4,18,9,8,11,16,7,9,4,4,6,0.44,4,4,6,1,openintents,RELINK
1,159,3,2,3,1,16,1,14,0,374,53,282,78,41,154,211,61,150,7,7,8,0.15,51,48,56,19,openintents,RELINK
1,144,3,3,3,1,18,1,16,0,343,43,259,71,43,136,194,57,137,12,12,12,0.17,48,47,53,16,openintents,RELINK
1,161,5,5,5,2,41,5,34,1,323,51,264,68,9,146,193,53,140,16,16,16,0.03,40,40,41,19,openintents,RELINK
1,308,2,2,2,1,17,0,16,0,814,78,609,178,130,292,379,118,261,6,6,6,0.21,89,89,90,34,openintents,RELINK
1,71,3,3,3,1,40,8,32,0,135,31,104,22,1,78,91,23,68,9,9,9,0.01,11,11,11,3,openintents,RELINK
1,166,5,5,5,2,31,4,25,2,390,64,263,57,67,151,214,56,158,20,20,20,0.25,50,50,51,24,openintents,RELINK
1,199,2,2,2,1,14,1,12,0,465,64,364,111,41,191,261,86,175,8,6,8,0.11,59,55,67,24,openintents,RELINK
1,40,2,2,2,1,15,2,10,2,122,25,83,30,14,43,61,23,38,4,4,4,0.17,14,14,14,6,openintents,RELINK
0,125,3,3,4,1,17,2,14,0,281,45,223,57,14,113,170,52,118,9,9,13,0.06,41,41,49,17,openintents,RELINK
1,79,3,3,3,1,16,2,13,0,207,34,169,62,4,96,127,48,79,9,9,9,0.02,21,21,21,7,openintents,RELINK
0,104,4,2,4,1,14,1,13,0,366,57,203,58,106,104,134,51,83,30,12,30,0.52,59,41,61,17,openintents,RELINK
0,51,2,2,3,1,11,0,9,1,215,28,98,27,96,50,67,25,42,10,10,16,0.98,23,23,29,13,openintents,RELINK
1,1,1,1,1,1,3,0,3,0,25,1,24,22,0,21,23,22,1,1,1,1,0.0,1,1,1,1,openintents,RELINK
1,0,0,0,0,0,0,0,0,0,50,11,27,22,12,17,22,22,0,0,0,0,0.44,0,0,0,0,openintents,RELINK
0,56,2,2,2,1,20,2,15,2,167,26,108,37,34,69,84,36,48,4,4,4,0.31,12,12,12,6,openintents,RELINK
0,0,1,1,1,1,3,0,2,1,45,4,8,6,33,2,3,3,0,1,1,1,4.13,1,1,1,1,openintents,RELINK
0,11,1,1,1,1,11,1,9,0,28,6,21,6,1,9,12,5,7,2,2,2,0.05,3,3,3,2,openintents,RELINK
0,1,1,1,1,1,3,0,3,0,7,2,5,3,0,2,3,2,1,1,1,1,0.0,1,1,1,1,openintents,RELINK
0,89,2,2,3,2,18,1,16,0,224,31,193,35,0,83,110,29,81,10,10,10,0.0,31,31,33,25,openintents,RELINK
0,4,1,1,1,1,3,0,3,0,20,4,16,6,0,5,6,2,4,1,1,1,0.0,4,4,4,4,openintents,RELINK
0,27,1,1,1,1,14,1,13,0,122,12,73,17,38,24,35,13,22,2,2,2,0.52,5,5,5,3,openintents,RELINK
0,19,1,1,1,1,10,2,5,2,94,26,49,20,19,25,34,17,17,2,2,2,0.39,8,8,8,7,openintents,RELINK
0,12,2,2,2,1,16,3,13,0,42,10,32,16,0,21,25,13,12,3,3,3,0.0,4,4,4,2,openintents,RELINK
0,66,4,4,4,2,19,1,13,4,174,23,121,39,37,71,99,28,71,25,23,25,0.31,31,29,31,17,openintents,RELINK
0,0,0,0,0,0,0,0,0,0,41,5,6,5,30,4,5,5,0,0,0,0,5.0,0,0,0,0,openintents,RELINK
1,242,5,5,6,1,26,2,21,3,553,81,402,91,80,224,320,84,236,14,14,17,0.2,82,81,90,28,openintents,RELINK
0,0,0,0,0,0,0,0,0,0,3,0,3,2,0,1,2,2,0,0,0,0,0.0,0,0,0,0,openintents,RELINK
0,2,1,1,1,1,4,0,4,0,11,1,10,2,0,2,5,3,2,1,1,1,0.0,2,2,2,2,openintents,RELINK
0,0,0,0,0,0,0,0,0,0,6,1,3,2,2,1,2,2,0,0,0,0,0.67,0,0,0,0,openintents,RELINK
0,0,0,0,0,0,0,0,0,0,9,2,5,4,2,3,4,4,0,0,0,0,0.4,0,0,0,0,openintents,RELINK
1,402,6,6,6,2,33,4,27,2,953,119,631,138,219,370,473,137,336,18,18,20,0.35,140,139,144,54,openintents,RELINK
0,31,2,2,2,1,17,1,15,0,86,11,51,10,24,18,28,11,17,3,3,3,0.47,7,7,7,3,openintents,RELINK
0,1,1,1,1,1,7,0,7,0,22,1,9,6,12,3,5,4,1,1,1,1,1.33,1,1,1,1,openintents,RELINK
0,10,2,2,2,1,10,0,10,0,37,4,23,8,10,13,16,8,8,2,2,2,0.43,4,4,4,2,openintents,RELINK
0,0,0,0,0,0,0,0,0,0,6,0,6,5,0,4,5,5,0,0,0,0,0.0,0,0,0,0,openintents,RELINK
1,415,3,3,3,1,19,1,17,1,940,109,764,233,74,401,540,174,366,29,29,37,0.1,131,116,144,52,openintents,RELINK
1,23,2,2,2,1,11,1,8,0,77,15,59,26,3,32,45,21,24,4,4,4,0.05,9,9,9,4,openintents,RELINK
0,68,1,1,1,1,19,2,15,2,214,36,156,55,23,121,133,44,89,4,4,4,0.15,13,13,13,9,openintents,RELINK
0,7,1,1,1,1,8,1,6,1,31,10,17,6,4,9,12,5,7,2,2,2,0.24,3,3,3,2,openintents,RELINK
0,15,1,1,1,1,10,1,8,0,46,8,30,9,8,15,20,8,12,2,2,2,0.27,5,5,5,3,openintents,RELINK
0,0,0,0,0,0,0,0,0,0,27,5,14,13,8,12,13,13,0,0,0,0,0.57,0,0,0,0,openintents,RELINK
1,0,0,0,0,0,0,0,0,0,157,15,17,16,125,15,16,16,0,0,0,0,7.35,0,0,0,0,openintents,RELINK
1,293,4,4,4,1,29,2,26,1,566,59,477,108,30,266,369,109,260,8,8,9,0.06,71,70,73,25,openintents,RELINK
1,84,5,4,5,1,18,1,15,2,189,26,133,31,30,72,105,25,80,14,10,15,0.23,38,28,39,13,openintents,RELINK
1,74,2,2,2,1,12,1,10,1,168,25,135,36,11,75,109,35,74,3,3,3,0.08,13,13,13,6,openintents,RELINK
0,15,1,1,1,1,11,2,8,0,64,19,41,20,4,26,31,16,15,2,2,2,0.1,5,5,5,4,openintents,RELINK
1,67,3,3,3,1,15,1,12,0,157,27,121,32,9,64,97,26,71,5,5,6,0.07,27,27,29,11,openintents,RELINK
1,7,1,1,1,1,3,0,3,0,35,7,28,14,0,13,17,10,7,1,1,1,0.0,6,6,6,6,openintents,RELINK
0,18,1,1,1,1,41,4,29,8,44,4,32,12,8,23,27,13,14,1,1,1,0.25,1,1,1,1,openintents,RELINK
0,22,7,7,7,1,50,10,38,2,63,11,41,14,11,25,31,13,18,7,7,7,0.27,7,7,7,1,openintents,RELINK
0,64,1,1,1,1,5,0,5,0,146,3,141,41,2,64,106,40,66,6,6,7,0.01,41,41,42,23,openintents,RELINK
0,85,7,7,11,1,21,3,17,0,180,31,129,34,20,69,117,27,90,19,19,31,0.16,47,47,71,6,openintents,RELINK
0,5,1,1,1,1,15,3,10,2,58,13,23,15,22,11,14,10,4,1,1,1,0.96,2,2,2,2,openintents,RELINK
1,907,12,11,14,4,82,5,61,7,2195,165,1185,191,328,719,916,178,738,51,51,56,0.28,221,197,246,81,Apache2.0,RELINK
0,0,0,0,0,0,0,0,0,0,644,1,0,0,16,0,0,0,0,0,0,0,0.0,0,0,0,0,Apache2.0,RELINK
1,1096,8,7,9,4,54,4,49,1,1945,209,1607,185,65,19001,1049,172,877,45,26,45,0.04,256,217,277,128,Apache2.0,RELINK
0,522,5,5,6,2,37,5,27,5,1159,171,727,137,236,397,526,112,414,25,25,30,0.32,134,122,146,63,Apache2.0,RELINK
0,26,2,2,2,1,21,1,9,3,166,15,55,13,40,20,30,10,20,4,5,4,0.73,9,10,9,10,Apache2.0,RELINK
0,0,1,1,1,1,3,0,3,0,266,1,3,1,17,0,1,1,0,1,1,1,5.67,1,1,1,1,Apache2.0,RELINK
0,2,1,1,1,1,4,0,4,0,29,3,5,2,15,2,3,2,1,1,1,1,3.0,1,1,1,1,Apache2.0,RELINK
0,60,2,2,2,1,17,3,14,0,171,30,113,39,17,71,84,30,54,3,3,4,0.15,13,13,14,9,Apache2.0,RELINK
0,78,3,3,3,1,19,0,14,5,290,24,160,45,98,85,114,34,80,8,8,11,0.61,29,29,33,18,Apache2.0,RELINK
0,105,2,2,3,1,13,1,12,1,290,38,198,52,42,97,135,42,93,7,7,7,0.21,38,38,43,29,Apache2.0,RELINK
1,122,5,5,7,3,44,4,31,9,311,35,185,34,89,94,124,28,96,15,14,24,0.48,30,28,39,19,Apache2.0,RELINK
1,245,6,6,11,1,47,4,35,9,575,60,381,65,135,179,243,50,193,23,23,61,0.35,70,70,124,21,Apache2.0,RELINK
0,20,5,5,5,1,58,4,36,18,110,7,36,8,51,23,28,8,20,5,5,5,1.42,5,5,5,1,Apache2.0,RELINK
1,0,0,0,0,0,0,0,0,0,1167,1,0,0,16,0,0,0,0,0,0,0,0.0,0,0,0,0,Apache2.0,RELINK
0,95,12,12,13,7,48,3,45,0,182,14,135,18,29,81,111,18,93,16,16,17,0.21,37,37,40,22,Apache2.0,RELINK
1,840,5,4,6,2,32,5,23,4,2045,365,1326,313,320,632,868,200,668,42,31,61,0.24,262,251,315,134,Apache2.0,RELINK
1,39,4,4,5,3,44,6,24,12,179,23,71,23,60,36,47,12,35,7,7,9,0.85,11,11,14,9,Apache2.0,RELINK
1,2037,5,5,6,3,36,5,26,4,4619,675,3010,684,625,1312,1828,420,1408,36,36,49,0.21,550,550,649,342,Apache2.0,RELINK
1,253,2,2,3,1,20,3,14,3,753,145,451,147,157,220,287,108,179,7,7,8,0.35,70,70,74,44,Apache2.0,RELINK
0,68,22,22,26,1,94,10,84,0,148,19,84,3,40,46,65,4,61,22,22,26,0.48,22,22,26,1,Apache2.0,RELINK
0,0,0,0,0,0,0,0,0,0,210,1,0,0,16,0,0,0,0,0,0,0,0.0,0,0,0,0,Apache2.0,RELINK
0,0,0,0,0,0,0,0,0,0,179,2,0,0,16,0,0,0,0,0,0,0,0.0,0,0,0,0,Apache2.0,RELINK
1,21,1,1,1,1,8,1,8,0,55,7,31,13,15,14,17,5,12,1,1,1,0.48,3,3,3,3,Apache2.0,RELINK
0,25,2,2,2,1,10,1,9,0,74,10,43,19,15,18,23,8,15,2,2,2,0.35,6,6,6,4,Apache2.0,RELINK
0,128,4,4,4,3,23,2,19,1,317,38,220,39,55,115,157,36,121,8,8,9,0.25,42,42,43,36,Apache2.0,RELINK
0,37,10,10,21,1,89,12,49,12,143,19,49,3,30,16,25,3,22,10,10,21,0.61,10,10,21,1,Apache2.0,RELINK
0,36,2,2,3,1,14,1,13,0,227,36,67,22,123,42,54,14,40,4,4,4,1.84,12,12,14,9,Apache2.0,RELINK
1,279,5,4,6,1,33,2,26,2,585,60,383,57,45,232,308,56,252,42,30,44,0.12,76,62,80,23,Apache2.0,RELINK
1,113,4,4,4,1,24,2,19,0,291,41,177,37,32,108,140,37,103,13,13,16,0.18,32,32,38,12,Apache2.0,RELINK
1,247,7,7,8,2,54,3,39,7,610,49,353,44,120,175,239,40,199,23,23,27,0.34,64,61,72,19,Apache2.0,RELINK
1,132,3,3,4,2,28,2,19,6,322,37,194,51,82,89,120,32,88,12,12,13,0.42,31,31,35,19,Apache2.0,RELINK
1,1468,8,6,10,4,57,6,40,10,3212,354,2064,348,709,901,1254,243,1011,63,37,75,0.34,377,317,509,231,Apache2.0,RELINK
1,206,4,4,6,2,43,5,26,12,548,73,290,38,169,166,215,35,180,12,12,22,0.58,49,49,62,26,Apache2.0,RELINK
0,160,12,11,14,8,93,15,72,1,336,56,224,27,23,111,149,27,122,26,23,26,0.1,37,34,41,26,Apache2.0,RELINK
0,828,5,5,6,2,39,3,29,6,1976,221,1253,264,381,624,881,280,601,29,29,30,0.3,201,188,223,102,Apache2.0,RELINK
0,3,1,1,1,1,13,1,9,0,70,6,27,18,26,4,7,4,3,1,1,1,0.96,3,3,3,3,Apache2.0,RELINK
1,159,4,4,5,3,40,4,22,4,494,63,251,46,55,126,172,43,129,9,9,13,0.22,47,47,55,33,Apache2.0,RELINK
0,40,2,2,3,1,13,2,10,1,140,25,85,26,25,45,64,20,44,6,6,7,0.29,19,19,20,15,Apache2.0,RELINK
1,588,5,5,5,3,41,5,31,4,1517,213,947,254,344,479,612,165,447,17,16,18,0.36,135,134,148,99,Apache2.0,RELINK
1,308,4,4,5,2,36,3,22,5,1084,99,503,113,148,212,291,77,214,21,21,29,0.29,82,82,100,47,Apache2.0,RELINK
1,158,9,9,9,3,47,5,40,0,400,47,218,38,81,141,187,34,153,16,16,16,0.37,46,46,47,15,Apache2.0,RELINK
1,249,8,6,8,4,100,16,53,5,683,106,317,34,59,194,242,33,209,40,25,41,0.19,48,33,49,24,Apache2.0,RELINK
0,140,6,5,7,4,4294967289,3,21,1,304,47,211,72,35,97,142,43,99,13,10,15,0.17,45,41,51,31,Apache2.0,RELINK
0,80,4,4,4,2,19,3,16,1,198,27,118,47,52,52,70,25,45,13,13,15,0.44,22,22,25,13,Apache2.0,RELINK
1,232,4,4,5,2,23,2,19,2,484,63,358,129,62,144,205,71,134,14,14,15,0.17,65,65,77,37,Apache2.0,RELINK
0,60,5,5,8,5,52,7,34,2,145,19,77,19,25,38,48,10,38,9,9,14,0.32,10,10,15,10,Apache2.0,RELINK
1,139,5,5,5,4,4294967253,3,23,2,315,41,215,67,61,96,134,41,93,16,16,16,0.28,37,37,40,34,Apache2.0,RELINK
0,85,3,3,5,2,24,2,16,2,238,26,126,58,68,46,61,25,36,11,11,19,0.54,17,17,26,11,Apache2.0,RELINK
0,137,4,4,4,3,23,3,20,0,293,38,200,80,50,91,121,40,81,12,12,13,0.25,31,31,34,25,Apache2.0,RELINK
1,853,6,6,8,3,39,5,30,3,2108,295,1310,258,357,572,790,188,602,32,32,60,0.27,235,235,321,126,Apache2.0,RELINK
1,548,9,9,10,5,65,7,49,6,1117,138,753,197,190,357,416,105,311,40,40,45,0.25,117,114,131,73,Apache2.0,RELINK
1,1114,12,12,15,4,65,4,54,6,2252,181,1671,274,324,747,1063,196,867,72,72,75,0.19,347,345,423,142,Apache2.0,RELINK
1,73,5,5,6,2,39,4,30,5,181,24,114,38,37,52,67,23,44,13,13,17,0.32,15,15,19,8,Apache2.0,RELINK
1,427,6,6,7,2,56,5,36,15,1006,102,608,123,293,279,359,69,290,50,50,70,0.48,90,90,114,35,Apache2.0,RELINK
1,50,2,2,2,1,16,2,12,2,137,22,81,43,26,39,47,24,23,3,3,3,0.32,8,8,8,5,Apache2.0,RELINK
1,58,3,3,3,2,18,3,14,1,160,29,98,51,25,46,59,26,33,8,8,9,0.26,13,13,14,10,Apache2.0,RELINK
1,114,4,4,4,2,25,4,18,3,372,49,173,59,137,92,116,38,78,10,10,14,0.79,28,28,34,18,Apache2.0,RELINK
1,477,6,6,8,3,47,6,34,5,1235,154,709,166,143,382,483,116,367,26,26,37,0.2,115,115,153,65,Apache2.0,RELINK
1,750,6,6,7,3,45,5,33,4,1744,232,1116,260,234,640,786,200,586,27,27,37,0.21,187,186,232,110,Apache2.0,RELINK
1,475,7,7,7,2,42,3,32,7,1082,97,704,170,287,295,407,108,299,26,26,29,0.41,135,130,148,56,Apache2.0,RELINK
1,2130,8,8,9,5,65,10,43,13,4834,768,3042,473,1080,1310,1862,405,1457,48,48,62,0.36,566,564,645,411,Apache2.0,RELINK
0,38,1,1,1,1,10,1,9,0,108,20,63,32,26,24,30,15,15,2,2,2,0.41,7,7,7,5,Apache2.0,RELINK
1,399,8,8,10,5,65,11,48,7,875,150,566,119,127,292,374,78,296,44,44,57,0.22,89,89,110,63,Apache2.0,RELINK
0,98,4,4,6,2,30,4,21,5,247,40,151,47,51,65,87,27,60,16,16,29,0.34,25,25,38,16,Apache2.0,RELINK
1,390,3,3,3,2,24,2,17,3,963,109,638,217,198,317,401,132,269,11,11,11,0.31,85,85,92,71,Apache2.0,RELINK
0,92,3,3,3,1,17,2,14,1,215,32,135,50,36,52,69,28,41,10,10,10,0.27,27,27,27,8,Apache2.0,RELINK
0,39,2,2,2,1,13,2,11,1,102,17,61,31,23,26,32,15,17,4,4,5,0.38,7,7,8,7,Apache2.0,RELINK
1,65,2,2,2,1,16,3,11,2,179,33,104,51,38,50,63,28,35,5,5,5,0.37,14,14,14,7,Apache2.0,RELINK
0,244,2,2,2,1,20,1,12,6,1313,98,385,105,773,340,270,79,191,12,12,13,2.01,52,52,53,33,Apache2.0,RELINK
1,186,5,5,5,2,34,2,26,6,566,43,285,70,229,129,175,46,129,15,15,17,0.8,46,45,52,29,Apache2.0,RELINK
1,403,6,6,7,3,40,4,30,4,890,94,603,141,92,281,370,106,264,20,20,24,0.15,108,108,123,67,Apache2.0,RELINK
1,108,3,3,3,2,27,3,15,3,416,51,176,55,107,86,112,36,76,9,9,9,0.61,26,26,27,23,Apache2.0,RELINK
1,250,4,3,4,2,19,2,16,1,620,76,402,124,146,196,270,83,187,19,19,21,0.36,77,70,83,47,Apache2.0,RELINK
0,392,7,7,9,4,37,5,28,8,897,133,598,102,223,257,385,73,312,56,56,64,0.37,141,141,182,83,Apache2.0,RELINK
1,2009,12,9,14,6,73,6,59,6,3751,366,2799,446,413,1365,1938,281,1657,135,57,145,0.15,567,431,647,283,Apache2.0,RELINK
1,274,6,6,7,2,36,2,32,0,533,45,397,95,59,185,250,56,194,30,30,35,0.15,67,67,73,32,Apache2.0,RELINK
1,873,13,11,16,6,97,10,70,19,1760,188,1186,203,380,589,783,143,640,81,62,96,0.32,206,183,262,104,Apache2.0,RELINK
1,561,3,3,3,1,19,2,15,1,1519,187,996,269,290,494,675,199,476,23,14,23,0.29,187,170,205,106,Apache2.0,RELINK
0,123,3,3,3,1,17,3,14,0,288,52,193,69,39,111,136,48,88,6,6,7,0.2,32,32,36,20,Apache2.0,RELINK
1,53,1,1,1,1,11,2,8,0,192,43,91,44,51,42,54,26,28,2,2,2,0.56,12,12,12,9,Apache2.0,RELINK
1,531,4,4,5,2,30,2,22,5,1198,120,829,213,235,389,535,148,387,20,20,22,0.28,146,146,152,75,Apache2.0,RELINK
1,525,8,8,11,3,45,4,39,3,987,99,766,191,126,314,441,100,341,36,36,54,0.16,133,133,179,60,Apache2.0,RELINK
0,1040,8,6,10,4,50,5,34,7,2477,257,1457,428,580,679,977,216,761,43,36,48,0.4,290,212,340,173,Apache2.0,RELINK
0,1104,8,8,11,4,57,7,35,13,3096,445,1674,316,971,823,1149,266,883,35,35,52,0.58,353,353,503,198,Apache2.0,RELINK
0,0,0,0,0,0,0,0,0,0,194,2,0,0,15,0,0,0,0,0,0,0,0.0,0,0,0,0,Apache2.0,RELINK
0,555,5,5,6,2,29,4,23,2,1151,190,834,187,108,460,621,149,472,61,56,68,0.13,163,158,184,79,Apache2.0,RELINK
0,14,1,1,1,1,6,1,5,0,48,6,20,12,18,4,6,3,3,1,1,1,0.9,2,2,2,2,Apache2.0,RELINK
0,16,1,1,1,1,6,0,5,0,55,7,26,15,18,7,10,4,6,2,2,2,0.69,4,4,4,3,Apache2.0,RELINK
0,12,1,1,1,1,6,1,5,0,44,5,20,15,15,3,5,3,2,1,1,1,0.75,1,1,1,1,Apache2.0,RELINK
0,15,1,1,1,1,6,1,6,0,45,5,21,12,15,4,6,3,3,1,1,1,0.71,2,2,2,2,Apache2.0,RELINK
1,603,4,4,5,2,27,3,21,3,1181,151,856,246,160,414,545,142,403,22,21,36,0.19,151,150,200,102,Apache2.0,RELINK
1,2017,8,8,10,4,54,5,40,9,4670,532,3060,443,973,1488,2046,366,1680,54,54,70,0.32,596,585,772,360,Apache2.0,RELINK
1,245,7,5,8,3,36,2,30,4,586,45,374,94,168,159,233,58,175,24,24,27,0.45,79,60,85,35,Apache2.0,RELINK
0,99,5,5,5,4,49,8,32,10,368,51,150,47,145,72,91,30,61,13,13,14,0.97,19,19,20,18,Apache2.0,RELINK
0,189,5,5,7,3,47,6,30,12,532,73,281,75,176,126,165,42,123,28,28,36,0.63,43,43,56,29,Apache2.0,RELINK
1,203,3,3,3,1,4294967275,5,15,3,428,69,245,29,82,75,90,22,68,8,8,11,0.33,19,19,22,11,Apache2.0,RELINK
1,441,16,13,18,2,111,13,83,3,857,105,540,74,90,269,376,62,314,79,57,90,0.17,97,75,108,13,Apache2.0,RELINK
1,47,2,2,2,1,9,1,8,0,138,18,76,32,38,26,36,15,21,3,3,3,0.5,11,11,12,7,Apache2.0,RELINK
0,91,3,3,4,2,52,5,28,17,367,37,140,49,176,92,105,30,75,7,7,8,1.26,13,13,14,10,Apache2.0,RELINK
1,101,5,5,8,4,49,4,26,12,366,38,153,49,121,73,98,33,65,15,15,28,0.79,25,25,40,21,Apache2.0,RELINK
1,185,4,4,5,3,29,4,22,4,454,65,282,85,108,118,162,48,114,13,13,14,0.38,47,47,52,33,Apache2.0,RELINK
0,136,12,11,18,9,71,11,56,4,312,45,186,36,82,80,116,20,96,20,17,37,0.44,35,32,53,28,Apache2.0,RELINK
1,216,8,8,9,3,48,3,42,5,457,41,331,70,88,160,218,38,180,25,25,26,0.27,58,58,61,27,Apache2.0,RELINK
0,0,0,0,0,0,0,0,0,0,553,1,0,0,16,0,0,0,0,0,0,0,0.0,0,0,0,0,Apache2.0,RELINK
0,16,0,0,0,0,0,0,0,0,48,5,21,21,19,7,7,7,0,0,0,0,0.9,0,0,0,0,Apache2.0,RELINK
0,50,0,0,0,0,0,0,0,0,99,5,72,72,19,24,24,24,0,0,0,0,0.26,0,0,0,0,Apache2.0,RELINK
1,196,5,4,5,2,33,4,24,3,1130,81,305,72,73,134,190,57,133,10,9,10,0.24,55,49,59,30,Apache2.0,RELINK
0,578,6,5,6,2,37,4,28,4,1295,172,828,146,212,453,610,123,487,20,20,27,0.26,155,132,173,60,Apache2.0,RELINK
1,0,0,0,0,0,0,0,0,0,1728,1,0,0,16,0,0,0,0,0,0,0,0.0,0,0,0,0,Apache2.0,RELINK
0,245,4,4,5,2,28,4,22,2,577,117,356,99,84,245,259,71,188,21,21,25,0.24,60,53,66,28,Apache2.0,RELINK
0,203,6,6,7,3,43,8,34,2,497,107,321,72,43,202,255,68,187,31,31,34,0.13,57,57,62,27,Apache2.0,RELINK
0,80,4,4,7,1,47,6,36,4,175,27,112,27,28,67,78,26,52,7,7,11,0.25,13,13,20,3,Apache2.0,RELINK
0,46,2,2,2,1,10,0,9,0,132,17,85,21,21,45,58,16,42,4,4,4,0.25,14,14,14,11,Apache2.0,RELINK
0,1,1,1,1,1,9,0,9,0,37,3,9,6,21,1,2,1,1,1,1,1,2.33,1,1,1,1,Apache2.0,RELINK
0,1,1,1,1,1,9,0,9,0,34,4,9,6,19,1,2,1,1,1,1,1,2.11,1,1,1,1,Apache2.0,RELINK
0,1934,42,31,50,27,232,36,139,41,5185,845,2683,267,1203,1453,2224,197,2027,318,223,371,0.45,806,586,953,526,Apache2.0,RELINK
0,35,7,7,7,4,81,16,55,23,94,21,55,8,28,25,33,8,25,7,7,7,0.51,7,7,7,4,Apache2.0,RELINK
0,189,7,6,8,4,31,4,26,1,540,107,318,86,59,185,256,63,193,30,30,33,0.19,74,64,85,50,Apache2.0,RELINK
0,119,6,5,7,3,26,3,21,2,303,52,166,85,129,60,90,20,70,18,13,18,0.78,31,26,33,17,Apache2.0,RELINK
0,673,46,32,49,18,161,22,129,10,1262,201,926,122,116,564,827,102,725,204,160,223,0.13,323,227,346,127,Apache2.0,RELINK
1,938,5,5,5,2,39,4,30,3,2045,260,1369,273,291,744,945,222,723,23,23,24,0.21,216,204,230,106,Apache2.0,RELINK
0,78,10,8,11,6,38,6,30,2,225,54,132,35,30,87,125,31,94,23,15,24,0.23,39,31,44,25,Apache2.0,RELINK
1,35,3,3,3,1,13,1,11,1,108,16,67,16,21,33,48,16,32,4,4,4,0.31,16,15,17,11,Apache2.0,RELINK
1,37,3,3,3,1,14,1,12,1,112,17,69,16,22,35,50,16,34,4,4,4,0.32,16,15,17,11,Apache2.0,RELINK
1,510,6,5,6,2,47,5,31,8,1355,159,732,128,263,388,517,107,410,27,27,30,0.36,131,119,139,54,Apache2.0,RELINK
0,377,6,6,6,3,49,7,31,10,1116,169,588,133,353,230,334,95,239,20,20,20,0.6,103,100,113,54,Apache2.0,RELINK
1,630,5,5,6,3,42,6,29,7,1573,237,939,173,329,497,649,145,504,29,29,35,0.35,160,160,201,106,Apache2.0,RELINK
0,34,3,3,3,2,24,5,19,0,98,21,58,13,16,22,31,7,24,4,4,4,0.28,9,9,9,6,Apache2.0,RELINK
0,2,1,1,1,1,5,0,5,0,33,4,9,3,15,2,4,2,2,1,1,1,1.67,2,2,2,2,Apache2.0,RELINK
0,143,8,8,9,7,77,9,48,19,377,46,206,37,120,97,131,24,107,27,26,29,0.58,33,32,35,29,Apache2.0,RELINK
1,878,17,16,23,9,128,14,82,29,1936,220,1171,139,483,557,775,120,655,125,125,168,0.41,231,228,316,133,Apache2.0,RELINK
1,833,11,10,14,5,96,9,65,23,1824,189,1186,205,454,521,694,130,564,47,45,74,0.38,189,187,247,92,Apache2.0,RELINK
1,467,6,6,7,3,38,4,26,5,1120,147,687,125,211,362,518,130,388,16,16,24,0.31,143,143,186,84,Apache2.0,RELINK
0,854,5,5,6,3,47,7,31,9,2130,339,1261,344,429,531,712,189,523,26,26,33,0.34,185,180,235,128,Apache2.0,RELINK
1,707,10,10,13,5,89,10,55,22,1888,235,1059,160,541,454,635,113,522,57,57,82,0.51,193,191,251,110,Apache2.0,RELINK
0,78,7,7,8,5,57,6,39,12,243,31,119,21,80,57,77,19,58,10,10,14,0.67,20,20,24,16,Apache2.0,RELINK
1,130,26,26,30,1,200,12,173,9,262,19,173,24,42,89,114,24,90,26,26,30,0.24,26,26,30,1,Apache2.0,RELINK
1,129,2,2,3,1,19,1,12,0,465,50,234,51,56,112,151,39,112,10,10,12,0.24,43,43,49,23,Apache2.0,RELINK
1,641,6,6,7,3,45,5,35,7,1346,186,930,126,259,1606,582,112,470,19,19,22,0.28,156,148,178,99,Apache2.0,RELINK
1,556,3,3,4,2,23,3,18,0,1420,248,944,221,75,422,575,144,431,18,18,23,0.08,181,180,197,106,Apache2.0,RELINK
0,48,2,2,2,1,9,1,8,0,207,13,62,38,124,17,24,11,13,3,3,3,2.0,7,7,7,4,Apache2.0,RELINK
1,474,4,4,5,1,33,5,23,5,1243,211,756,159,213,334,460,97,363,11,11,13,0.28,135,135,152,50,Apache2.0,RELINK
1,744,7,6,8,3,49,6,34,9,1746,234,1091,221,422,537,724,163,561,25,25,27,0.39,198,184,232,115,Apache2.0,RELINK
1,771,9,9,12,3,85,12,50,20,1876,258,1039,235,508,437,593,140,453,59,59,92,0.49,167,165,230,67,Apache2.0,RELINK
1,30,2,2,2,1,14,2,11,2,101,11,48,23,41,14,20,10,10,3,3,3,0.85,6,6,7,3,Apache2.0,RELINK
1,50,4,4,4,3,20,2,18,0,120,14,71,12,29,29,44,12,32,5,5,5,0.41,15,15,15,13,Apache2.0,RELINK
1,319,8,8,9,3,88,8,56,22,789,80,449,77,230,255,315,73,242,34,34,41,0.51,64,64,75,29,Apache2.0,RELINK
0,62,6,6,6,4,45,4,32,5,179,20,99,26,47,67,85,25,60,9,9,9,0.47,19,19,19,13,Apache2.0,RELINK
1,368,8,8,10,1,32,2,28,1,687,64,538,110,73,296,428,94,334,53,53,63,0.14,138,138,180,22,Apache2.0,RELINK
0,22,2,2,2,1,10,1,9,0,82,10,38,8,33,22,29,8,21,3,3,3,0.87,8,8,8,4,Apache2.0,RELINK
0,140,8,5,8,6,42,1,41,0,254,12,208,52,33,118,159,52,107,12,8,12,0.16,40,24,42,33,Apache2.0,RELINK
0,297,21,13,23,16,221,28,96,21,1081,144,374,116,139,210,270,41,229,60,35,66,0.37,63,38,69,50,Apache2.0,RELINK
0,579,7,4,7,4,54,6,35,7,1969,286,861,226,311,409,547,113,434,75,22,75,0.36,140,85,142,85,Apache2.0,RELINK
1,71,4,4,5,1,16,1,14,1,199,19,96,18,44,44,75,18,57,7,7,8,0.46,31,31,32,11,Apache2.0,RELINK
1,243,6,6,7,4,61,5,47,8,462,43,330,57,79,201,244,57,187,15,15,16,0.24,44,44,47,31,Apache2.0,RELINK
1,533,4,4,4,1,36,3,29,5,1362,112,824,214,392,476,556,167,389,15,15,16,0.48,100,100,105,49,Apache2.0,RELINK
0,165,3,3,3,1,28,3,22,3,351,43,245,64,62,144,174,63,111,7,7,8,0.25,33,33,36,19,Apache2.0,RELINK
0,157,3,3,4,2,18,1,16,1,449,43,260,61,59,136,191,49,142,7,7,10,0.23,53,51,62,35,Apache2.0,RELINK
1,194,4,4,4,3,24,2,17,1,574,65,331,66,109,180,251,58,193,11,11,12,0.33,72,72,78,59,Apache2.0,RELINK
1,752,8,8,8,4,36,3,29,5,2518,164,1059,193,1284,567,840,125,715,30,30,36,1.21,280,270,295,156,Apache2.0,RELINK
0,83,4,2,4,2,20,2,16,2,194,25,128,54,43,38,61,17,44,16,7,17,0.34,21,12,22,13,Apache2.0,RELINK
0,174,25,11,26,11,100,20,71,11,401,81,212,15,114,134,209,11,198,67,25,68,0.54,75,33,78,33,Apache2.0,RELINK
1,210,10,10,15,1,118,10,58,37,619,59,282,80,187,130,168,33,135,29,29,50,0.66,38,38,60,7,Apache2.0,RELINK
0,33,7,7,7,3,53,4,48,1,101,8,48,8,33,32,39,7,32,7,7,7,0.69,7,7,7,3,Apache2.0,RELINK
0,11,2,2,2,1,9,1,8,0,78,10,34,12,30,17,23,11,12,4,4,4,0.88,7,7,7,4,Apache2.0,RELINK
0,82,13,12,15,1,65,7,56,2,200,20,112,15,55,59,86,12,74,25,22,29,0.49,26,23,30,2,Apache2.0,RELINK
0,8,2,2,2,1,8,1,7,0,75,9,32,13,30,16,22,12,10,3,3,3,0.94,6,6,6,4,Apache2.0,RELINK
0,10,2,2,3,1,17,1,16,0,46,4,16,4,23,11,13,4,9,2,2,3,1.44,2,2,3,1,Apache2.0,RELINK
1,893,6,5,6,2,42,3,29,7,2229,233,1406,311,467,713,1026,355,671,27,27,29,0.33,223,209,248,115,Apache2.0,RELINK
0,52,7,7,7,1,50,8,39,4,588,23,78,13,62,56,69,13,56,12,12,12,0.79,14,14,14,2,Apache2.0,RELINK
1,128,3,3,3,2,43,3,18,4,593,54,222,50,67,85,123,30,93,9,9,10,0.3,37,39,39,29,Apache2.0,RELINK
1,981,5,5,7,2,27,2,22,2,2170,260,1469,225,339,768,1127,201,926,30,26,52,0.23,367,334,501,179,Apache2.0,RELINK
1,764,6,6,8,4,55,7,34,14,2021,278,1124,190,586,449,655,132,523,37,36,45,0.52,206,198,256,158,Apache2.0,RELINK
0,14,5,5,5,4,25,0,22,3,47,4,22,2,18,10,15,1,14,5,5,5,0.82,5,5,5,4,Apache2.0,RELINK
0,0,0,0,0,0,0,0,0,0,57,2,0,0,16,0,0,0,0,0,0,0,0.0,0,0,0,0,Apache2.0,RELINK
0,8,1,1,1,1,4,0,4,0,128,22,44,20,25,16,24,16,8,1,1,1,0.57,8,8,8,8,Apache2.0,RELINK
0,0,0,0,0,0,0,0,0,0,126,2,0,0,16,0,0,0,0,0,0,0,0.0,0,0,0,0,Apache2.0,RELINK
1,231,4,4,4,2,20,1,17,1,601,71,446,120,72,191,269,76,193,14,14,21,0.16,92,92,104,53,Apache2.0,RELINK
1,675,6,6,8,3,57,7,34,8,1758,237,942,217,310,454,619,121,498,30,30,36,0.33,168,168,200,86,Apache2.0,RELINK
1,0,0,0,0,0,0,0,0,0,450,3,0,0,23,0,0,0,0,0,0,0,0.0,0,0,0,0,Apache2.0,RELINK
1,0,0,0,0,0,0,0,0,0,762,3,0,0,23,0,0,0,0,0,0,0,0.0,0,0,0,0,Apache2.0,RELINK
0,287,6,6,7,4,56,7,36,13,791,108,427,81,245,182,257,58,199,12,12,17,0.57,75,74,87,54,Apache2.0,RELINK
0,34,2,2,2,1,18,2,15,1,173,22,60,20,83,45,52,19,33,2,2,2,1.38,7,7,7,4,Apache2.0,RELINK
0,16,1,1,1,1,12,1,9,1,105,14,57,31,21,17,23,11,12,1,1,1,0.37,6,6,6,6,Apache2.0,RELINK
0,1,1,1,1,1,9,0,9,0,39,3,9,6,15,1,2,1,1,1,1,1,1.67,1,1,1,1,Apache2.0,RELINK
1,269,6,6,8,2,45,4,30,6,717,87,426,81,121,214,300,71,229,23,23,28,0.28,88,88,109,31,Apache2.0,RELINK
0,94,2,2,2,1,39,1,26,11,240,20,137,27,81,95,105,21,84,6,6,7,0.59,10,10,11,9,Apache2.0,RELINK
0,36,2,2,3,2,19,1,12,0,147,20,64,17,25,28,39,10,29,4,4,7,0.39,12,12,15,11,Apache2.0,RELINK
1,50,10,10,11,10,98,20,72,6,128,27,72,12,22,42,51,12,39,10,10,11,0.31,10,10,11,10,Apache2.0,RELINK
1,354,5,5,6,3,35,3,26,7,1072,126,607,119,280,309,428,107,321,18,18,22,0.46,122,122,148,79,Apache2.0,RELINK
0,0,0,0,0,0,0,0,0,0,697,1,0,0,16,0,0,0,0,0,0,0,0.0,0,0,0,0,Apache2.0,RELINK
0,205,17,13,21,8,100,7,83,3,375,34,268,49,44,144,196,35,161,46,33,56,0.16,51,38,62,25,Apache2.0,RELINK
1,866,5,5,6,2,42,3,29,8,2136,224,1322,289,474,666,962,341,621,29,29,34,0.36,205,191,229,89,Apache2.0,RELINK
0,244,6,6,7,1,34,3,28,3,567,95,355,77,129,252,313,73,240,19,19,25,0.36,66,61,74,21,Apache2.0,RELINK
0,17,2,2,2,1,7,0,7,1,66,6,35,9,28,16,25,8,17,4,4,5,0.8,9,9,10,4,zxing1.6,RELINK
1,2,1,1,1,1,7,0,6,1,17,2,13,9,2,6,9,7,2,1,1,1,0.15,2,2,2,2,zxing1.6,RELINK
0,9,1,1,1,1,6,1,5,0,75,20,55,36,0,35,45,36,9,1,1,1,0.0,9,9,9,9,zxing1.6,RELINK
0,91,1,1,1,1,10,0,10,1,176,17,130,18,49,85,104,18,86,4,4,4,0.38,20,20,20,12,zxing1.6,RELINK
1,388,2,2,2,1,37,0,35,1,560,32,485,60,43,78,106,48,58,5,5,9,0.09,24,24,29,20,zxing1.6,RELINK
1,19,1,1,1,1,8,0,8,0,55,7,46,18,3,32,39,21,18,2,2,2,0.07,9,9,9,5,zxing1.6,RELINK
0,18,3,3,4,2,21,3,16,1,73,15,51,21,7,28,38,21,17,6,6,8,0.14,11,11,13,6,zxing1.6,RELINK
0,16,3,3,3,1,20,3,16,0,51,11,39,15,6,21,27,12,15,5,5,5,0.15,7,7,7,2,zxing1.6,RELINK
0,15,3,3,3,1,17,3,14,0,47,11,35,13,6,18,23,10,13,4,4,4,0.17,6,6,6,2,zxing1.6,RELINK
0,21,3,3,3,1,16,0,15,0,52,4,47,17,1,31,37,17,20,5,5,5,0.02,9,9,9,3,zxing1.6,RELINK
0,16,3,3,3,1,20,1,17,2,43,4,36,13,4,22,27,12,15,5,5,5,0.11,7,7,7,2,zxing1.6,RELINK
0,16,2,2,2,2,12,1,10,1,60,12,44,19,4,20,28,16,12,5,5,5,0.09,8,8,8,8,zxing1.6,RELINK
0,9,1,1,1,1,7,0,7,0,39,6,25,11,8,12,17,10,7,2,2,3,0.32,4,4,5,3,zxing1.6,RELINK
1,16,2,2,3,1,12,1,11,0,45,9,36,12,0,27,30,14,16,5,5,7,0.0,7,7,9,3,zxing1.6,RELINK
0,1,1,1,1,1,3,0,3,0,4,0,4,1,0,1,3,2,1,1,1,1,0.0,1,1,1,1,zxing1.6,RELINK
0,1,1,1,1,1,5,0,5,0,7,0,7,4,0,2,4,3,1,1,1,1,0.0,1,1,1,1,zxing1.6,RELINK
0,2,1,1,1,1,4,0,4,0,10,0,10,5,0,5,7,5,2,1,1,1,0.0,2,2,2,2,zxing1.6,RELINK
0,59,13,13,27,4,71,4,50,16,164,12,112,27,40,46,71,24,47,25,25,54,0.36,26,26,55,9,zxing1.6,RELINK
0,1,1,1,1,1,3,0,2,0,11,3,7,4,1,2,4,3,1,1,1,1,0.14,2,2,2,2,zxing1.6,RELINK
1,37,1,1,1,1,8,0,8,0,82,9,61,13,14,40,50,13,37,3,3,4,0.23,11,11,12,7,zxing1.6,RELINK
0,4,1,1,1,1,3,0,3,0,17,4,13,6,0,6,9,5,4,1,1,1,0.0,3,3,3,3,zxing1.6,RELINK
0,20,3,3,3,1,15,1,13,1,70,10,44,14,16,24,33,13,20,7,7,8,0.36,9,9,10,3,zxing1.6,RELINK
0,7,1,1,1,1,3,0,3,0,22,0,22,9,0,10,15,8,7,1,1,1,0.0,5,5,5,5,zxing1.6,RELINK
0,1,1,1,1,1,3,0,2,0,11,3,7,4,1,2,4,3,1,1,1,1,0.14,2,2,2,2,zxing1.6,RELINK
0,1,1,1,1,1,3,0,2,0,11,3,7,4,1,2,4,3,1,1,1,1,0.14,2,2,2,2,zxing1.6,RELINK
0,63,2,2,2,1,7,0,6,0,222,22,139,35,63,75,105,43,62,7,7,8,0.45,41,41,43,24,zxing1.6,RELINK
0,6,2,2,2,1,9,0,9,0,14,1,13,4,0,6,8,3,5,2,2,2,0.0,2,2,2,1,zxing1.6,RELINK
1,23,2,2,2,1,12,0,10,1,113,13,65,26,35,44,52,30,22,4,4,4,0.54,15,15,15,6,zxing1.6,RELINK
1,36,3,1,3,1,8,0,8,0,88,10,67,21,14,35,45,20,25,10,4,10,0.21,18,10,18,6,zxing1.6,RELINK
0,8,1,1,1,1,12,0,12,1,30,3,24,11,4,14,17,9,8,1,1,1,0.17,1,1,1,1,zxing1.6,RELINK
0,3,1,1,1,1,3,0,3,0,16,4,12,6,0,5,7,4,3,1,1,1,0.0,2,2,2,2,zxing1.6,RELINK
0,61,3,3,3,1,16,0,15,0,136,11,123,41,2,76,93,38,55,5,5,5,0.02,19,19,19,6,zxing1.6,RELINK
1,10,1,1,1,1,4,0,4,0,41,9,32,13,0,10,19,10,9,2,2,2,0.0,8,8,8,7,zxing1.6,RELINK
1,127,6,6,8,5,30,1,27,2,299,24,231,59,50,132,166,59,107,13,13,21,0.22,51,48,64,40,zxing1.6,RELINK
0,11,1,1,1,1,3,0,3,0,54,9,29,10,18,13,19,8,11,2,2,2,0.62,6,6,6,5,zxing1.6,RELINK
0,111,6,5,7,4,30,1,27,1,239,21,203,53,22,113,145,53,92,13,10,19,0.11,44,41,54,33,zxing1.6,RELINK
0,198,7,7,7,4,37,2,32,2,461,41,383,114,39,220,287,108,179,29,29,29,0.1,77,77,85,44,zxing1.6,RELINK
0,187,3,3,4,2,19,1,16,2,520,48,375,111,105,210,277,109,168,11,11,11,0.28,83,83,91,54,zxing1.6,RELINK
1,51,2,2,2,1,12,0,11,0,121,16,90,24,15,57,67,22,45,6,4,6,0.17,18,14,19,10,zxing1.6,RELINK
1,10,1,1,1,1,4,0,4,0,32,6,26,10,0,13,19,9,10,2,2,3,0.0,6,6,7,5,zxing1.6,RELINK
0,29,1,1,1,1,12,0,12,0,60,6,54,17,0,36,43,16,27,4,4,4,0.0,7,7,7,7,zxing1.6,RELINK
0,7,1,1,1,1,10,0,10,0,28,3,22,10,3,12,15,8,7,1,1,1,0.14,1,1,1,1,zxing1.6,RELINK
0,76,5,5,6,1,25,0,25,0,136,7,129,27,0,82,97,31,66,8,8,10,0.0,28,28,32,8,zxing1.6,RELINK
1,24,2,2,3,1,13,1,12,0,106,13,54,18,39,36,42,18,24,6,6,8,0.72,11,11,13,6,zxing1.6,RELINK
0,87,9,9,10,6,49,4,40,5,232,28,171,39,41,91,119,44,75,14,14,17,0.24,38,38,42,25,zxing1.6,RELINK
0,75,1,1,1,1,5,0,5,0,214,30,142,39,43,71,98,38,60,2,2,14,0.3,27,27,42,25,zxing1.6,RELINK
0,28,3,3,4,2,15,0,12,3,119,10,64,18,46,30,45,19,26,5,5,8,0.72,17,17,21,12,zxing1.6,RELINK
0,9,1,1,1,1,4,0,4,0,28,6,22,8,0,9,13,7,6,1,1,1,0.0,4,4,4,4,zxing1.6,RELINK
1,166,6,6,6,3,38,4,32,2,319,41,261,51,20,145,192,45,147,20,20,22,0.08,43,43,47,25,zxing1.6,RELINK
1,39,3,3,5,2,19,1,16,1,125,17,85,26,23,46,64,27,37,12,12,17,0.27,19,19,25,11,zxing1.6,RELINK
1,175,22,14,23,6,101,8,85,8,440,35,382,165,46,149,187,60,127,52,27,54,0.12,67,42,69,18,zxing1.6,RELINK
0,4,1,1,1,1,3,0,3,0,19,5,14,6,0,6,9,5,4,1,1,1,0.0,3,3,3,3,zxing1.6,RELINK
0,5,2,2,2,1,7,0,7,0,27,3,17,7,7,9,12,7,5,3,3,4,0.41,4,4,5,2,zxing1.6,RELINK
0,13,1,1,1,1,4,0,4,0,47,11,36,15,0,14,21,10,11,3,3,3,0.0,9,9,9,7,zxing1.6,RELINK
0,5,1,1,1,1,5,0,5,0,18,3,15,7,0,8,11,6,5,1,1,1,0.0,2,2,2,2,zxing1.6,RELINK
0,1,1,1,1,1,3,0,3,0,4,0,4,1,0,1,3,2,1,1,1,1,0.0,1,1,1,1,zxing1.6,RELINK
1,15,1,1,1,1,5,0,5,0,43,5,38,16,0,12,18,8,10,3,2,3,0.0,7,6,7,5,zxing1.6,RELINK
0,2,1,1,1,1,5,0,5,0,6,0,6,2,0,3,5,3,2,1,1,1,0.0,1,1,1,1,zxing1.6,RELINK
0,16,4,4,4,4,13,1,12,0,31,5,26,6,0,10,19,4,15,7,7,7,0.0,8,8,8,8,zxing1.6,RELINK
0,56,2,2,3,1,8,0,8,0,193,17,125,35,51,72,96,41,55,6,6,9,0.41,33,33,42,21,zxing1.6,RELINK
0,2,1,1,1,1,3,0,3,0,11,3,8,3,0,2,3,1,2,1,1,1,0.0,2,2,2,2,zxing1.6,RELINK
1,52,4,4,4,1,17,0,16,0,146,12,119,38,15,74,93,43,50,10,10,10,0.13,28,28,29,7,zxing1.6,RELINK
1,34,3,3,5,1,14,0,12,1,132,13,80,26,39,33,51,18,33,10,10,22,0.49,19,19,31,8,zxing1.6,RELINK
1,9,1,1,1,1,5,0,5,0,83,16,31,15,36,17,23,14,9,3,3,4,1.16,6,6,7,6,zxing1.6,RELINK
1,88,3,3,3,1,16,1,13,1,252,38,174,48,41,89,129,49,80,14,14,16,0.24,38,38,42,18,zxing1.6,RELINK
1,0,1,1,1,1,2,0,2,0,168,29,47,35,92,23,29,29,0,1,1,1,1.96,1,1,1,1,zxing1.6,RELINK
0,40,3,3,3,1,22,0,18,3,100,5,78,25,18,45,58,25,33,5,5,6,0.23,12,12,13,4,zxing1.6,RELINK
0,20,10,10,16,7,46,5,40,1,48,6,41,13,1,22,33,13,20,10,10,16,0.02,10,10,16,7,zxing1.6,RELINK
0,2,1,1,1,1,6,1,5,0,17,4,13,8,0,7,10,8,2,1,1,1,0.0,2,2,2,2,zxing1.6,RELINK
0,3,1,1,1,1,11,3,8,0,28,9,18,12,1,12,15,12,3,1,1,1,0.06,2,2,2,2,zxing1.6,RELINK
0,6,1,1,1,1,7,1,6,0,29,7,21,10,1,10,15,10,5,2,2,2,0.05,4,4,4,3,zxing1.6,RELINK
0,68,3,3,3,1,18,0,17,0,131,10,107,18,16,55,75,17,58,12,12,14,0.15,18,18,20,11,zxing1.6,RELINK
0,1,1,1,1,1,7,1,6,0,11,3,8,5,0,4,6,5,1,1,1,1,0.0,1,1,1,1,zxing1.6,RELINK
1,19,1,1,1,1,8,0,8,0,61,7,51,23,4,32,39,21,18,2,2,2,0.08,9,9,9,5,zxing1.6,RELINK
0,7,1,1,1,1,3,0,3,0,31,8,23,9,0,9,14,7,7,1,1,1,0.0,6,6,6,6,zxing1.6,RELINK
0,15,1,1,1,1,36,1,35,0,39,2,37,20,0,32,34,19,15,1,1,1,0.0,1,1,1,1,zxing1.6,RELINK
0,8,2,2,2,1,14,0,14,0,38,4,30,17,4,20,23,15,8,3,3,3,0.13,4,4,4,2,zxing1.6,RELINK
0,29,1,1,1,1,6,1,5,0,206,59,147,89,0,89,118,89,29,1,1,1,0.0,28,28,28,28,zxing1.6,RELINK
0,19,1,1,1,1,7,1,5,0,172,51,103,64,18,62,82,63,19,1,1,1,0.17,19,19,19,19,zxing1.6,RELINK
0,5,1,1,1,1,6,0,6,0,14,0,14,5,0,6,9,5,4,2,2,2,0.0,3,3,3,2,zxing1.6,RELINK
0,4,1,1,1,1,3,0,3,0,17,3,14,6,0,6,9,5,4,1,1,1,0.0,3,3,3,3,zxing1.6,RELINK
0,10,1,1,1,1,5,0,5,0,44,6,30,15,8,17,21,11,10,1,1,1,0.27,4,4,4,4,zxing1.6,RELINK
0,11,1,1,1,1,4,0,4,0,37,7,30,13,0,16,22,12,10,2,2,2,0.0,6,6,6,5,zxing1.6,RELINK
1,34,1,1,1,1,6,0,6,0,117,14,84,30,19,34,53,21,32,4,4,4,0.23,20,20,22,12,zxing1.6,RELINK
0,50,1,1,1,1,11,0,11,0,208,19,122,55,69,40,57,28,29,3,3,3,0.57,15,15,15,12,zxing1.6,RELINK
0,5,1,1,1,1,7,0,7,0,11,2,9,2,0,5,6,1,5,1,1,1,0.0,1,1,1,1,zxing1.6,RELINK
0,125,2,2,2,1,15,1,13,0,291,28,237,73,28,137,175,66,109,5,5,6,0.12,20,20,23,8,zxing1.6,RELINK
1,13,3,3,4,2,19,1,16,2,43,5,35,14,4,19,26,14,12,5,5,5,0.11,7,7,9,4,zxing1.6,RELINK
0,7,1,1,1,1,8,0,6,1,28,6,19,8,3,10,14,8,6,2,2,2,0.16,3,3,3,2,zxing1.6,RELINK
1,123,2,2,3,1,15,0,14,0,237,21,213,48,4,122,161,51,110,9,9,11,0.02,39,39,46,18,zxing1.6,RELINK
1,29,1,1,1,1,9,0,8,0,84,11,70,27,3,30,43,19,24,3,3,4,0.04,11,11,12,7,zxing1.6,RELINK
0,18,2,2,2,2,9,0,9,0,48,4,43,16,1,22,29,13,16,5,5,5,0.02,8,8,8,8,zxing1.6,RELINK
0,22,1,1,1,1,21,3,17,2,92,18,70,42,8,57,63,42,21,2,2,2,0.11,5,5,5,4,zxing1.6,RELINK
1,80,2,2,2,1,9,0,8,0,203,22,154,41,28,86,126,39,87,8,8,8,0.18,39,39,41,23,zxing1.6,RELINK
1,166,1,1,1,1,9,0,9,1,282,27,217,28,60,123,147,27,120,1,1,1,0.28,23,23,23,23,zxing1.6,RELINK
0,11,2,2,2,2,11,1,10,0,27,4,23,7,0,9,13,5,8,3,3,3,0.0,4,4,4,4,zxing1.6,RELINK
0,6,1,1,1,1,3,0,3,0,20,1,19,8,0,9,13,7,6,1,1,1,0.0,4,4,4,4,zxing1.6,RELINK
1,17,1,1,1,1,5,0,5,0,47,6,41,17,0,14,20,7,13,5,2,5,0.0,9,6,9,5,zxing1.6,RELINK
1,122,2,2,2,1,14,0,13,0,271,31,233,74,7,140,179,69,110,4,4,7,0.03,33,33,40,26,zxing1.6,RELINK
1,21,1,1,1,1,12,0,12,2,44,5,38,13,9,27,31,10,21,1,1,1,0.24,3,3,3,3,zxing1.6,RELINK
1,18,1,1,1,1,8,0,8,0,43,5,35,13,3,17,22,10,12,1,1,1,0.09,4,4,4,4,zxing1.6,RELINK
0,0,1,1,1,1,2,0,2,0,19,3,7,5,9,3,4,4,0,1,1,1,1.29,1,1,1,1,zxing1.6,RELINK
1,29,1,1,1,1,7,0,7,0,76,13,62,18,1,31,45,16,29,3,3,3,0.02,14,14,14,8,zxing1.6,RELINK
0,5,1,1,1,1,7,0,7,0,13,0,13,6,0,9,10,5,5,1,1,1,0.0,1,1,1,1,zxing1.6,RELINK
0,25,4,4,4,4,11,0,11,0,39,2,36,6,1,15,29,5,24,12,12,12,0.03,14,14,14,14,zxing1.6,RELINK
0,7,2,2,3,2,9,0,9,0,21,2,19,7,0,8,13,6,7,4,4,5,0.0,5,5,6,5,zxing1.6,RELINK
1,3,1,1,1,1,3,0,3,0,13,2,11,5,0,5,7,4,3,1,1,1,0.0,2,2,2,2,zxing1.6,RELINK
1,19,3,3,4,2,22,1,19,2,50,5,41,15,4,18,25,15,10,4,4,6,0.1,6,6,8,4,zxing1.6,RELINK
0,72,1,1,1,1,6,0,6,0,161,24,136,43,1,78,97,37,60,2,2,14,0.01,20,20,32,19,zxing1.6,RELINK
1,59,5,5,7,4,31,1,28,1,178,13,116,38,49,60,78,32,46,10,10,13,0.42,21,21,28,18,zxing1.6,RELINK
0,13,1,1,1,1,4,0,4,0,47,13,34,11,0,14,23,10,13,3,3,5,0.0,9,9,12,9,zxing1.6,RELINK
1,76,3,3,4,1,17,0,16,0,168,16,148,46,5,76,101,39,62,7,7,9,0.03,30,24,37,13,zxing1.6,RELINK
1,11,1,1,1,1,6,0,6,0,24,3,21,7,0,13,17,7,10,1,1,1,0.0,3,3,3,3,zxing1.6,RELINK
0,22,7,3,7,7,27,0,27,6,29,1,28,1,6,14,18,2,16,7,3,7,0.21,7,3,7,7,zxing1.6,RELINK
0,3,1,1,1,1,5,0,5,0,8,1,7,2,0,3,4,1,3,1,1,1,0.0,1,1,1,1,zxing1.6,RELINK
0,10,1,1,1,1,3,0,3,0,43,9,34,16,0,15,22,12,10,1,1,1,0.0,7,7,7,7,zxing1.6,RELINK
0,8,1,1,1,1,5,0,5,0,22,4,18,4,0,5,10,3,7,2,2,2,0.0,5,5,5,3,zxing1.6,RELINK
0,30,2,2,2,1,11,1,10,0,71,13,58,17,0,36,46,16,30,5,5,5,0.0,10,10,10,5,zxing1.6,RELINK
1,225,9,8,9,7,35,1,31,6,428,28,343,69,92,174,243,56,187,20,20,20,0.27,90,80,92,72,zxing1.6,RELINK
0,2,2,2,2,1,7,0,6,1,9,0,8,3,1,2,5,3,2,2,2,2,0.13,2,2,2,1,zxing1.6,RELINK
0,20,2,2,2,2,18,0,18,0,46,4,42,17,0,27,32,13,19,4,4,4,0.0,5,5,5,5,zxing1.6,RELINK
0,16,3,2,3,2,12,0,11,1,27,0,26,5,2,12,16,4,12,5,3,5,0.08,6,4,6,5,zxing1.6,RELINK
0,180,5,4,6,4,19,2,16,0,379,67,306,53,10,159,230,57,173,26,6,29,0.03,102,78,116,86,zxing1.6,RELINK
1,5,1,1,1,1,7,0,7,0,11,2,9,2,0,5,6,1,5,1,1,1,0.0,1,1,1,1,zxing1.6,RELINK
1,12,1,1,1,1,5,0,5,0,30,5,25,8,0,15,20,8,12,1,1,1,0.0,4,4,4,4,zxing1.6,RELINK
0,3,1,1,1,1,3,0,3,0,16,3,13,6,0,5,9,6,3,1,1,1,0.0,3,3,3,3,zxing1.6,RELINK
1,33,1,1,1,1,8,0,8,0,68,7,61,21,0,21,29,11,18,1,1,1,0.0,7,7,7,7,zxing1.6,RELINK
0,49,2,2,2,1,9,0,8,0,110,17,91,20,2,39,59,18,41,6,6,6,0.02,23,23,23,14,zxing1.6,RELINK
0,90,8,8,9,4,56,5,40,14,278,35,174,48,85,104,129,51,78,16,16,19,0.49,33,33,39,18,zxing1.6,RELINK
1,32,2,2,2,1,12,1,10,0,101,15,82,34,4,52,64,32,32,4,4,5,0.05,15,15,19,9,zxing1.6,RELINK
0,13,1,1,1,1,4,0,4,0,71,12,38,14,21,16,26,13,13,2,2,2,0.55,9,9,9,8,zxing1.6,RELINK
0,86,9,6,15,6,38,2,33,3,160,12,134,31,14,66,90,32,58,17,17,41,0.1,36,26,60,27,zxing1.6,RELINK
1,13,1,1,1,1,11,1,10,0,46,8,37,20,1,18,22,11,11,2,2,2,0.03,3,3,3,2,zxing1.6,RELINK
0,8,2,2,3,2,12,0,12,0,28,2,25,12,1,14,20,12,8,4,4,6,0.04,5,5,7,5,zxing1.6,RELINK
0,10,3,3,4,2,12,0,12,0,66,3,63,47,20,13,20,10,10,4,4,6,0.32,6,6,8,5,zxing1.6,RELINK
1,24,1,1,1,1,7,0,7,0,56,5,51,18,0,18,26,10,16,1,1,1,0.0,5,5,5,5,zxing1.6,RELINK
0,12,1,1,1,1,5,0,5,0,48,7,38,18,3,16,24,12,12,2,2,2,0.08,8,8,8,6,zxing1.6,RELINK
1,7,1,1,1,1,7,0,7,0,17,2,15,6,0,10,13,6,7,1,1,1,0.0,2,2,2,2,zxing1.6,RELINK
0,5,1,1,1,1,7,1,6,0,21,5,15,7,2,9,11,6,5,1,1,1,0.13,2,2,2,2,zxing1.6,RELINK
0,3,1,1,1,1,5,0,5,0,8,1,7,2,0,3,4,1,3,1,1,1,0.0,1,1,1,1,zxing1.6,RELINK
0,3,1,1,1,1,5,0,5,0,8,1,7,2,0,3,4,1,3,1,1,1,0.0,1,1,1,1,zxing1.6,RELINK
0,8,1,1,1,1,3,0,3,0,28,6,22,8,0,10,13,5,8,1,1,1,0.0,5,5,5,5,zxing1.6,RELINK
0,9,1,1,1,1,12,2,9,0,32,9,23,10,0,13,16,7,9,2,2,2,0.0,3,3,3,2,zxing1.6,RELINK
0,14,2,2,2,1,17,3,14,0,43,10,33,13,0,18,23,9,14,4,4,4,0.0,5,5,5,2,zxing1.6,RELINK
0,2,1,1,1,1,3,0,3,0,13,3,10,5,0,4,6,4,2,1,1,1,0.0,2,2,2,2,zxing1.6,RELINK
0,3,1,1,1,1,3,0,3,0,14,3,11,4,0,3,6,3,3,1,1,1,0.0,3,3,3,3,zxing1.6,RELINK
0,11,1,1,1,1,4,0,4,0,31,5,26,9,0,14,18,7,11,1,1,1,0.0,5,5,5,5,zxing1.6,RELINK
0,8,1,1,1,1,3,0,3,0,38,9,29,13,0,13,20,12,8,1,1,1,0.0,7,7,7,7,zxing1.6,RELINK
1,42,1,1,1,1,10,0,10,0,70,6,64,16,0,16,23,10,13,1,1,1,0.0,6,6,6,6,zxing1.6,RELINK
1,19,1,1,1,1,5,0,5,0,52,9,43,13,0,20,30,11,19,2,2,2,0.0,10,10,10,7,zxing1.6,RELINK
0,8,2,2,2,1,12,0,11,1,14,1,12,2,1,6,9,2,7,2,2,2,0.08,2,2,2,1,zxing1.6,RELINK
0,6,1,1,1,1,6,1,5,0,46,13,33,20,0,19,26,20,6,1,1,1,0.0,6,6,6,6,zxing1.6,RELINK
0,1,1,1,1,1,3,0,3,0,5,0,5,2,0,1,2,1,1,1,1,1,0.0,1,1,1,1,zxing1.6,RELINK
0,1,1,1,1,1,3,0,3,0,5,1,4,2,0,1,2,1,1,1,1,1,0.0,1,1,1,1,zxing1.6,RELINK
0,2,1,1,1,1,3,0,3,0,13,4,9,4,0,3,5,3,2,1,1,1,0.0,2,2,2,2,zxing1.6,RELINK
1,31,2,2,2,1,11,1,10,0,118,18,93,45,9,51,63,33,30,5,5,8,0.1,16,16,20,8,zxing1.6,RELINK
0,11,1,1,1,1,4,0,4,0,28,4,24,8,0,13,16,6,10,1,1,1,0.0,4,4,4,4,zxing1.6,RELINK
0,21,3,3,3,2,11,0,11,0,73,9,64,27,0,22,41,20,21,6,6,6,0.0,13,13,13,9,zxing1.6,RELINK
1,5,1,1,2,1,11,0,9,2,29,3,23,14,5,13,16,11,5,2,2,3,0.22,3,3,4,2,zxing1.6,RELINK
0,36,1,1,1,1,7,0,5,0,138,24,87,33,27,36,53,24,29,1,1,1,0.31,13,13,13,13,zxing1.6,RELINK
0,4,1,1,1,1,3,0,3,0,25,5,14,6,6,6,9,5,4,1,1,1,0.43,3,3,3,3,zxing1.6,RELINK
1,24,1,1,1,1,4,0,4,0,70,8,49,15,13,28,35,11,24,3,3,3,0.27,7,7,7,7,zxing1.6,RELINK
1,47,4,4,5,2,27,1,23,2,154,13,120,49,22,79,97,51,46,6,6,7,0.18,23,23,25,13,zxing1.6,RELINK
0,17,7,7,8,4,32,0,31,1,34,1,32,8,1,16,24,8,16,7,7,8,0.03,7,7,8,4,zxing1.6,RELINK
0,119,1,1,1,1,41,0,40,1,257,5,243,86,11,141,149,31,118,4,4,4,0.05,9,9,9,9,zxing1.6,RELINK
0,32,2,2,2,1,15,0,14,0,79,9,66,22,4,42,51,22,29,5,5,5,0.06,11,11,11,4,zxing1.6,RELINK
1,0,1,1,1,1,2,0,2,0,13,4,9,5,0,0,5,5,0,1,1,1,0.0,4,4,4,4,zxing1.6,RELINK
0,13,1,1,1,1,4,0,4,0,70,12,40,16,18,18,28,15,13,2,2,2,0.45,9,9,9,8,zxing1.6,RELINK
0,13,3,3,5,3,16,1,13,1,37,5,28,8,4,13,19,8,11,6,6,10,0.14,7,7,11,6,zxing1.6,RELINK
0,22,4,4,6,4,15,0,15,0,58,4,48,13,6,23,35,14,21,6,6,12,0.13,13,13,20,13,zxing1.6,RELINK
0,3,1,1,1,1,5,0,5,0,9,2,7,2,0,3,4,1,3,1,1,1,0.0,1,1,1,1,zxing1.6,RELINK
0,14,1,1,1,1,8,0,8,0,38,5,28,8,5,15,20,7,13,3,3,3,0.18,5,5,5,3,zxing1.6,RELINK
0,5,1,1,2,1,6,0,6,0,19,4,15,6,1,7,10,5,5,2,2,3,0.07,3,3,4,2,zxing1.6,RELINK
0,15,1,1,1,1,9,0,9,0,33,4,29,11,0,19,23,8,15,1,1,1,0.0,3,3,3,3,zxing1.6,RELINK
0,3,1,1,1,1,5,0,5,0,9,2,7,2,0,3,4,1,3,1,1,1,0.0,1,1,1,1,zxing1.6,RELINK
0,21,1,1,1,1,11,2,8,0,50,14,36,10,0,26,31,10,21,1,1,1,0.0,4,4,4,4,zxing1.6,RELINK
1,6,1,1,1,1,5,0,5,0,46,6,26,14,14,15,19,13,6,3,3,3,0.54,6,6,6,4,zxing1.6,RELINK
0,3,1,1,1,1,5,0,5,0,7,1,6,2,0,3,4,1,3,1,1,1,0.0,1,1,1,1,zxing1.6,RELINK
0,1,1,1,1,1,3,0,3,0,4,0,4,1,0,1,3,2,1,1,1,1,0.0,1,1,1,1,zxing1.6,RELINK
0,23,1,1,1,1,19,1,15,2,50,7,38,12,5,31,33,10,23,1,1,1,0.13,2,2,2,2,zxing1.6,RELINK
1,5,1,1,1,1,7,0,7,0,11,2,9,2,0,5,6,1,5,1,1,1,0.0,1,1,1,1,zxing1.6,RELINK
0,26,2,2,2,1,13,1,11,0,65,10,55,20,0,31,41,17,24,3,3,3,0.0,4,4,4,2,zxing1.6,RELINK
0,39,5,5,5,5,23,4,19,0,251,35,208,145,8,42,61,23,38,17,17,17,0.04,23,23,23,22,zxing1.6,RELINK
1,212,5,5,7,3,30,1,25,3,548,45,392,94,120,218,290,95,195,15,15,26,0.31,78,78,110,46,zxing1.6,RELINK
1,95,5,5,5,3,25,0,21,4,225,11,180,50,35,78,118,33,85,13,13,14,0.19,43,43,45,31,zxing1.6,RELINK
0,41,2,2,2,2,8,0,8,0,113,11,85,23,17,41,59,19,40,10,10,13,0.2,20,20,23,18,zxing1.6,RELINK
1,32,1,1,1,1,5,0,5,0,101,14,78,33,9,43,55,23,32,1,1,1,0.12,12,12,12,12,zxing1.6,RELINK
0,74,2,2,3,2,16,0,15,0,163,16,141,45,8,82,103,39,64,7,7,8,0.06,16,16,23,12,zxing1.6,RELINK
1,230,9,7,12,1,46,1,39,6,603,37,398,100,169,211,271,87,184,32,28,32,0.42,83,71,108,13,zxing1.6,RELINK
1,3,1,1,1,1,5,0,5,0,13,2,11,6,0,6,9,6,3,1,1,1,0.0,2,2,2,2,zxing1.6,RELINK
1,5,1,1,1,1,8,0,7,1,12,2,9,2,1,5,6,1,5,1,1,1,0.11,1,1,1,1,zxing1.6,RELINK
0,7,1,1,1,1,7,0,6,1,18,1,15,4,2,5,9,3,6,2,2,2,0.13,3,3,3,2,zxing1.6,RELINK
0,17,3,3,3,1,17,1,15,0,61,9,50,23,2,31,37,21,16,4,4,6,0.04,9,9,11,3,zxing1.6,RELINK
0,132,2,2,3,1,15,0,13,0,269,29,214,46,26,127,167,42,125,6,6,9,0.12,37,37,44,26,zxing1.6,RELINK
1,79,2,2,2,1,17,0,16,0,201,15,168,60,21,83,109,48,61,5,5,6,0.13,23,23,25,11,zxing1.6,RELINK
0,84,1,1,1,1,17,0,15,2,153,12,128,23,18,98,108,24,84,3,3,3,0.14,10,10,10,8,zxing1.6,RELINK
0,51,4,4,4,1,24,1,20,2,163,19,127,48,17,89,106,57,49,10,10,10,0.13,27,27,29,6,zxing1.6,RELINK
1,14,1,1,1,1,5,0,5,0,48,6,41,19,1,15,22,10,12,3,2,3,0.02,8,7,8,6,zxing1.6,RELINK
0,5,1,1,2,1,5,0,5,0,20,3,13,5,4,6,9,4,5,2,2,4,0.31,3,3,5,2,zxing1.6,RELINK
0,10,2,2,4,2,7,0,7,0,39,4,24,7,11,9,16,6,10,4,4,6,0.46,7,7,12,6,zxing1.6,RELINK
0,1,1,1,1,1,4,0,4,0,5,0,5,2,0,2,4,3,1,1,1,1,0.0,1,1,1,1,zxing1.6,RELINK
0,1,1,1,1,1,4,0,4,0,5,0,5,2,0,2,4,3,1,1,1,1,0.0,1,1,1,1,zxing1.6,RELINK
0,56,1,1,1,1,23,0,21,1,269,11,237,164,23,71,85,33,52,2,2,2,0.1,12,12,12,11,zxing1.6,RELINK
0,94,6,6,6,4,32,4,25,3,282,40,181,45,61,98,133,50,83,28,28,33,0.34,42,42,47,32,zxing1.6,RELINK
0,15,2,2,2,1,14,2,12,0,47,9,38,16,0,20,27,14,13,5,5,5,0.0,7,7,7,3,zxing1.6,RELINK
1,46,4,4,4,2,20,0,19,0,114,9,101,32,4,52,70,30,40,15,15,16,0.04,22,22,23,10,zxing1.6,RELINK
0,6,1,1,1,1,3,0,3,0,32,5,18,8,9,9,13,7,6,1,1,1,0.5,4,4,4,4,zxing1.6,RELINK
0,0,1,1,1,1,2,0,2,0,24,4,8,6,12,4,5,5,0,1,1,1,1.5,1,1,1,1,zxing1.6,RELINK
1,18,1,1,1,1,5,0,4,0,55,11,43,13,1,19,30,12,18,2,2,2,0.02,11,11,11,8,zxing1.6,RELINK
1,18,1,1,1,1,5,0,5,0,51,11,39,11,2,19,28,10,18,2,2,2,0.05,9,9,9,7,zxing1.6,RELINK
0,42,1,1,1,1,7,0,6,0,105,16,87,26,2,49,71,26,45,4,4,4,0.02,21,21,21,14,zxing1.6,RELINK
0,16,1,1,1,1,10,1,7,1,49,8,31,11,10,19,24,8,16,1,1,1,0.32,4,4,4,4,zxing1.6,RELINK
1,5,0,0,0,0,0,0,0,0,54,3,51,43,7,12,14,9,5,0,0,0,0.14,0,0,0,0,zxing1.6,RELINK
0,2,1,1,1,1,3,0,3,0,10,0,10,5,0,4,6,4,2,1,1,1,0.0,2,2,2,2,zxing1.6,RELINK
1,48,3,2,3,1,19,0,16,1,96,10,79,21,7,45,54,14,40,8,3,8,0.09,13,8,13,4,zxing1.6,RELINK
1,83,4,3,4,1,21,1,19,1,211,24,175,63,19,96,125,48,77,13,12,15,0.11,26,23,28,6,zxing1.6,RELINK
0,1,1,1,1,1,3,0,3,0,4,0,4,1,0,1,3,2,1,1,1,1,0.0,1,1,1,1,zxing1.6,RELINK
1,41,5,5,6,2,19,0,17,1,110,9,94,26,8,37,62,26,36,9,9,10,0.09,27,27,30,13,zxing1.6,RELINK
0,1,1,1,1,1,3,0,3,0,4,0,4,1,0,1,3,2,1,1,1,1,0.0,1,1,1,1,zxing1.6,RELINK
0,1,1,1,1,1,3,0,3,0,4,0,4,1,0,1,3,2,1,1,1,1,0.0,1,1,1,1,zxing1.6,RELINK
0,10,1,1,1,1,4,0,4,0,34,6,28,10,0,14,19,9,10,2,2,2,0.0,7,7,7,6,zxing1.6,RELINK
0,17,3,3,4,1,15,0,14,0,67,7,48,21,12,30,36,19,17,5,5,8,0.25,9,9,12,3,zxing1.6,RELINK
0,13,3,3,4,2,15,1,13,0,37,6,30,9,1,16,21,10,11,6,6,7,0.03,7,7,8,4,zxing1.6,RELINK
0,8,1,1,1,1,3,0,3,0,48,9,26,11,14,12,17,9,8,1,1,1,0.54,6,6,6,6,zxing1.6,RELINK
0,0,0,0,0,0,0,0,0,0,4,0,4,3,0,2,3,3,0,0,0,0,0.0,0,0,0,0,zxing1.6,RELINK
1,25,1,1,1,1,6,0,6,2,54,7,47,15,17,30,38,15,23,1,1,1,0.36,7,7,7,7,zxing1.6,RELINK
0,2,1,1,1,1,4,0,4,0,6,1,5,2,0,2,3,1,2,1,1,1,0.0,1,1,1,1,zxing1.6,RELINK
1,18,1,1,1,1,5,0,5,0,50,9,41,12,0,19,29,11,18,2,2,2,0.0,10,10,10,7,zxing1.6,RELINK
0,20,2,2,2,1,10,0,9,0,65,10,49,17,6,28,36,17,19,4,4,5,0.12,11,11,14,5,zxing1.6,RELINK
1,27,3,3,3,1,18,0,18,0,65,6,56,18,3,26,36,19,17,6,6,6,0.05,10,10,11,3,zxing1.6,RELINK
0,5,1,1,1,1,8,0,7,1,10,1,8,2,1,5,6,1,5,1,1,1,0.13,1,1,1,1,zxing1.6,RELINK
0,9,2,2,4,2,11,0,10,1,25,2,21,7,2,9,14,6,8,4,4,7,0.1,5,5,8,4,zxing1.6,RELINK
0,5,2,2,3,2,7,0,7,0,18,2,16,7,0,7,11,6,5,3,3,5,0.0,4,4,6,4,zxing1.6,RELINK
0,11,1,1,1,1,7,0,7,0,35,6,29,12,0,15,20,10,10,3,3,3,0.0,5,5,5,3,zxing1.6,RELINK
1,153,5,5,6,2,24,0,22,2,316,24,272,61,33,133,190,63,127,23,23,31,0.12,65,62,83,26,zxing1.6,RELINK
0,17,5,5,5,1,22,3,19,0,49,8,41,12,0,25,32,15,17,10,10,10,0.0,11,11,11,2,zxing1.6,RELINK
1,36,2,2,2,1,9,0,8,1,145,13,108,55,25,33,48,21,27,7,7,8,0.23,16,16,18,11,zxing1.6,RELINK
1,11,1,1,1,1,4,0,4,0,38,5,33,15,0,10,16,7,9,3,2,3,0.0,7,6,7,5,zxing1.6,RELINK
1,16,2,2,2,1,10,0,9,0,56,9,47,23,0,29,38,22,16,5,5,6,0.0,7,7,8,3,zxing1.6,RELINK
0,94,2,2,2,1,16,1,15,0,171,23,146,30,2,87,110,24,86,6,6,7,0.01,21,21,23,11,zxing1.6,RELINK
0,81,5,5,7,4,28,1,25,3,240,16,162,47,68,90,120,42,78,13,13,20,0.42,33,33,44,26,zxing1.6,RELINK
1,17,1,1,1,1,6,0,6,0,54,6,47,21,1,21,28,13,15,3,2,3,0.02,9,8,9,6,zxing1.6,RELINK
0,6,1,1,1,1,3,0,3,0,25,6,19,8,0,9,13,7,6,1,1,1,0.0,4,4,4,4,zxing1.6,RELINK
0,25,3,3,3,1,12,0,11,0,60,7,53,17,0,25,39,16,23,8,8,9,0.0,13,13,15,4,zxing1.6,RELINK
0,13,2,2,2,1,11,0,11,0,34,4,30,13,0,19,22,11,11,3,3,3,0.0,4,4,4,2,zxing1.6,RELINK
0,13,1,1,1,1,5,0,4,0,60,14,44,23,4,27,35,22,13,2,2,2,0.09,8,8,8,7,zxing1.6,RELINK
0,27,1,1,1,1,8,0,8,0,74,8,56,18,10,34,43,17,26,4,4,4,0.18,10,10,10,6,zxing1.6,RELINK
0,13,1,1,1,1,4,0,4,0,38,7,31,12,0,18,24,11,13,1,1,1,0.0,6,6,6,6,zxing1.6,RELINK
0,7,1,1,1,1,3,0,3,0,28,7,21,8,0,9,13,6,7,1,1,1,0.0,5,5,5,5,zxing1.6,RELINK
1,12,1,1,2,1,8,0,7,1,35,5,28,10,3,13,19,8,11,2,2,3,0.11,5,5,6,3,zxing1.6,RELINK
0,79,1,1,1,1,11,0,10,0,208,25,183,77,1,105,133,58,75,4,4,4,0.01,12,12,12,7,zxing1.6,RELINK
1,18,1,1,1,1,5,0,5,0,53,8,45,19,1,16,23,9,14,5,2,5,0.02,10,7,10,6,zxing1.6,RELINK
0,187,7,7,9,1,31,1,29,1,420,26,297,46,97,169,232,49,183,11,11,29,0.33,70,70,90,10,zxing1.6,RELINK
0,5,1,1,1,1,8,0,8,0,12,2,10,3,0,6,8,3,5,1,1,1,0.0,1,1,1,1,zxing1.6,RELINK
0,216,5,5,6,3,32,3,27,0,532,74,447,154,20,245,317,122,195,24,24,24,0.04,83,83,91,48,zxing1.6,RELINK
1,3,1,1,1,1,5,0,5,0,7,1,6,2,0,3,4,1,3,1,1,1,0.0,1,1,1,1,zxing1.6,RELINK
1,8,1,1,1,1,9,0,9,0,22,2,20,10,0,11,14,6,8,1,1,1,0.0,2,2,2,2,zxing1.6,RELINK
0,12,2,2,2,1,6,0,5,0,37,5,30,7,2,8,19,7,12,3,3,6,0.07,10,10,13,7,zxing1.6,RELINK
0,1,1,1,1,1,3,0,3,0,4,0,4,1,0,1,3,2,1,1,1,1,0.0,1,1,1,1,zxing1.6,RELINK
1,162,5,5,5,2,21,0,20,0,332,20,301,74,11,167,234,78,156,21,21,23,0.04,71,71,82,29,zxing1.6,RELINK
0,19,3,3,3,1,13,0,13,0,49,5,44,15,0,28,35,16,19,4,4,4,0.0,9,9,9,5,zxing1.6,RELINK
0,8,2,2,2,2,11,0,11,0,26,3,23,10,0,11,16,9,7,4,4,4,0.0,5,5,5,5,zxing1.6,RELINK
0,38,3,3,4,2,11,0,11,0,77,7,69,16,1,36,51,14,37,9,9,9,0.01,14,14,16,11,zxing1.6,RELINK
0,1,1,1,1,1,3,0,3,0,4,0,4,1,0,1,3,2,1,1,1,1,0.0,1,1,1,1,zxing1.6,RELINK
1,6,1,1,1,1,6,0,6,0,16,2,14,6,0,9,12,6,6,1,1,1,0.0,2,2,2,2,zxing1.6,RELINK
0,10,1,1,1,1,3,0,3,0,62,12,33,15,17,17,24,14,10,2,2,3,0.52,7,7,8,6,zxing1.6,RELINK
0,6,1,1,1,1,3,0,3,0,22,4,18,7,0,8,11,5,6,1,1,1,0.0,4,4,4,4,zxing1.6,RELINK
0,2,1,1,1,1,3,0,3,0,10,0,10,5,0,4,6,4,2,1,1,1,0.0,2,2,2,2,zxing1.6,RELINK
0,41,1,1,1,1,7,0,7,0,93,12,81,17,0,29,49,27,22,3,3,3,0.0,13,13,13,10,zxing1.6,RELINK
1,5,1,1,1,1,7,0,7,0,11,2,9,2,0,5,6,1,5,1,1,1,0.0,1,1,1,1,zxing1.6,RELINK
0,85,2,2,2,1,11,0,10,0,270,23,176,55,72,98,136,52,84,7,7,7,0.41,32,32,36,15,zxing1.6,RELINK
0,3,1,1,1,1,5,0,5,0,7,1,6,2,0,3,4,1,3,1,1,1,0.0,1,1,1,1,zxing1.6,RELINK
1,28,3,3,5,1,21,1,18,1,67,7,57,19,3,32,42,18,24,6,6,11,0.05,10,10,15,5,zxing1.6,RELINK
0,4,1,1,1,1,3,0,3,0,20,6,14,6,1,6,9,5,4,1,1,1,0.07,3,3,3,3,zxing1.6,RELINK
1,79,2,2,3,1,12,0,10,1,278,24,157,44,99,79,113,42,71,7,7,7,0.63,34,33,38,18,zxing1.6,RELINK
1,278,3,2,3,1,18,0,16,1,604,57,489,139,60,293,368,124,244,9,9,12,0.12,78,71,90,32,zxing1.6,RELINK
0,34,1,1,1,1,8,0,7,0,103,17,70,23,16,42,55,22,33,4,4,6,0.23,13,13,16,9,zxing1.6,RELINK
1,9,1,1,1,1,5,0,5,0,78,23,39,23,16,25,31,22,9,3,3,4,0.41,6,6,7,6,zxing1.6,RELINK
0,39,1,1,2,1,8,0,8,0,81,9,72,18,0,42,55,17,38,8,8,9,0.0,15,15,16,8,zxing1.6,RELINK
0,30,2,2,2,1,8,0,7,1,89,9,63,18,20,32,47,18,29,5,5,6,0.32,16,16,19,11,zxing1.6,RELINK
0,0,1,1,1,1,2,0,2,0,30,4,8,6,18,4,5,5,0,1,1,1,2.25,1,1,1,1,zxing1.6,RELINK
0,4,1,1,1,1,3,0,3,0,18,5,13,5,0,5,8,4,4,1,1,1,0.0,3,3,3,3,zxing1.6,RELINK
0,11,1,1,1,1,4,0,4,0,31,5,26,10,0,15,20,9,11,1,1,1,0.0,5,5,5,5,zxing1.6,RELINK
0,22,2,2,2,1,14,0,13,1,63,7,45,16,11,25,31,14,17,3,3,3,0.24,7,6,7,3,zxing1.6,RELINK
0,0,1,1,1,1,2,0,2,0,71,9,24,20,38,8,10,10,0,1,1,1,1.58,1,1,1,1,zxing1.6,RELINK
0,0,1,1,1,1,2,0,2,0,50,6,10,8,34,6,7,7,0,1,1,1,3.4,1,1,1,1,zxing1.6,RELINK
0,0,1,1,1,1,2,0,2,0,75,11,15,13,49,11,12,12,0,1,1,1,3.27,1,1,1,1,zxing1.6,RELINK
0,2,1,1,1,1,3,0,3,0,29,5,23,18,1,17,19,17,2,1,1,1,0.04,2,2,2,2,zxing1.6,RELINK
1,49,2,2,2,1,17,1,14,1,116,15,88,27,13,61,74,27,47,7,7,7,0.15,11,11,11,5,zxing1.6,RELINK
0,13,1,1,1,1,5,0,5,0,42,8,34,13,0,15,22,11,11,2,2,2,0.0,5,5,5,4,zxing1.6,RELINK
0,4,1,1,1,1,3,0,3,0,22,6,16,7,0,5,9,5,4,1,1,1,0.0,4,4,4,4,zxing1.6,RELINK
1,47,3,3,4,2,16,1,14,0,141,18,115,47,13,54,77,33,44,5,5,7,0.11,14,14,17,9,zxing1.6,RELINK
1,0,1,1,1,1,2,0,2,0,52,11,12,10,29,8,9,9,0,1,1,1,2.42,1,1,1,1,zxing1.6,RELINK
0,14,1,1,1,1,4,0,4,0,101,11,40,14,50,16,27,13,14,2,2,2,1.25,11,11,11,9,zxing1.6,RELINK
0,0,1,1,1,1,2,0,2,0,16,4,6,4,6,2,3,3,0,1,1,1,1.0,1,1,1,1,zxing1.6,RELINK
0,32,1,1,1,1,7,0,7,0,77,8,57,14,12,34,45,13,32,3,3,3,0.21,11,11,11,7,zxing1.6,RELINK
0,10,1,1,1,1,4,0,4,0,31,6,25,10,0,14,19,9,10,1,1,1,0.0,5,5,5,5,zxing1.6,RELINK
0,0,1,1,1,1,2,0,2,0,10,1,5,3,4,1,2,2,0,1,1,1,0.8,1,1,1,1,zxing1.6,RELINK
1,23,3,3,3,1,15,1,13,0,60,11,47,14,2,22,31,9,22,6,6,7,0.04,9,9,10,3,zxing1.6,RELINK
1,11,1,1,1,1,5,0,5,0,34,5,29,14,0,12,15,11,4,1,1,1,0.0,3,3,3,3,zxing1.6,RELINK
1,21,1,1,1,1,7,0,7,0,52,5,47,17,0,16,24,10,14,1,1,1,0.0,5,5,5,5,zxing1.6,RELINK
0,9,3,3,3,3,10,0,10,0,28,4,22,6,2,8,14,5,9,5,5,6,0.09,6,6,7,6,zxing1.6,RELINK
0,38,2,2,2,1,10,0,10,0,81,7,72,21,2,40,52,17,35,3,3,4,0.03,12,12,13,6,zxing1.6,RELINK
0,38,2,2,2,1,9,0,9,0,56,3,53,8,1,39,44,6,38,4,4,4,0.02,5,5,5,2,zxing1.6,RELINK
1,36,5,5,6,1,22,0,21,0,74,6,66,13,2,30,44,12,32,11,11,15,0.03,16,16,20,5,zxing1.6,RELINK
1,3,1,1,1,1,5,0,5,0,7,1,6,2,0,3,4,1,3,1,1,1,0.0,1,1,1,1,zxing1.6,RELINK
0,3,1,1,1,1,5,0,5,0,9,2,7,2,0,3,4,1,3,1,1,1,0.0,1,1,1,1,zxing1.6,RELINK
0,9,1,1,1,1,6,0,5,0,34,5,27,12,2,9,15,8,7,3,3,3,0.07,6,6,6,4,zxing1.6,RELINK
0,4,1,1,1,1,3,0,3,0,17,3,14,6,0,6,9,5,4,1,1,1,0.0,3,3,3,3,zxing1.6,RELINK
0,3,1,1,1,1,5,0,5,0,7,1,6,2,0,3,4,1,3,1,1,1,0.0,1,1,1,1,zxing1.6,RELINK
0,3,1,1,1,1,5,0,5,0,9,2,7,2,0,3,4,1,3,1,1,1,0.0,1,1,1,1,zxing1.6,RELINK
0,17,2,2,2,1,10,0,10,0,38,4,34,11,0,20,26,10,16,3,3,3,0.0,6,6,6,3,zxing1.6,RELINK
0,3,1,1,1,1,5,0,5,0,9,2,7,2,0,3,4,1,3,1,1,1,0.0,1,1,1,1,zxing1.6,RELINK
0,3,1,1,1,1,5,0,5,0,9,2,7,2,0,3,4,1,3,1,1,1,0.0,1,1,1,1,zxing1.6,RELINK
1,131,1,1,1,1,19,3,15,1,273,33,204,40,46,122,151,37,114,2,2,3,0.23,5,5,6,4,zxing1.6,RELINK
0,5,1,1,1,1,4,0,4,0,14,3,11,3,0,5,7,2,5,1,1,1,0.0,2,2,2,2,zxing1.6,RELINK
1,42,2,2,2,1,13,0,11,1,107,12,88,27,7,42,60,26,34,5,5,5,0.08,19,19,19,11,zxing1.6,RELINK
1,25,4,4,7,3,22,0,21,0,47,2,44,10,1,22,31,9,22,8,8,13,0.02,9,9,14,7,zxing1.6,RELINK
1,147,6,6,6,3,31,1,28,1,301,22,261,62,18,139,191,62,129,19,19,19,0.07,57,57,59,29,zxing1.6,RELINK
0,3,1,1,1,1,5,0,5,0,9,2,7,2,0,3,4,1,3,1,1,1,0.0,1,1,1,1,zxing1.6,RELINK
0,3,1,1,1,1,5,0,5,0,7,1,6,2,0,3,4,1,3,1,1,1,0.0,1,1,1,1,zxing1.6,RELINK
0,3,1,1,1,1,5,0,5,0,9,2,7,2,0,3,4,1,3,1,1,1,0.0,1,1,1,1,zxing1.6,RELINK
0,3,1,1,1,1,5,0,5,0,9,2,7,2,0,3,4,1,3,1,1,1,0.0,1,1,1,1,zxing1.6,RELINK
0,15,4,4,4,1,16,0,16,0,40,4,35,11,1,18,25,12,13,7,7,7,0.03,8,8,8,2,zxing1.6,RELINK
0,25,2,2,2,1,9,0,9,0,44,4,38,5,2,24,31,7,24,3,3,3,0.05,8,8,8,4,zxing1.6,RELINK
0,43,1,1,1,1,13,0,13,0,123,12,108,53,3,52,61,39,22,2,2,3,0.03,11,11,12,8,zxing1.6,RELINK
0,3,1,1,1,1,5,0,5,0,9,2,7,2,0,3,4,1,3,1,1,1,0.0,1,1,1,1,zxing1.6,RELINK
0,3,1,1,1,1,5,0,5,0,9,2,7,2,0,3,4,1,3,1,1,1,0.0,1,1,1,1,zxing1.6,RELINK
0,3,1,1,1,1,5,0,5,0,7,1,6,2,0,3,4,1,3,1,1,1,0.0,1,1,1,1,zxing1.6,RELINK
1,3,1,1,1,1,5,0,5,0,7,1,6,2,0,3,4,1,3,1,1,1,0.0,1,1,1,1,zxing1.6,RELINK
0,117,2,2,2,2,44,0,44,0,141,5,136,11,0,122,129,12,117,4,4,4,0.0,7,7,7,6,zxing1.6,RELINK
1,3,1,1,1,1,5,0,5,0,7,1,6,2,0,3,4,1,3,1,1,1,0.0,1,1,1,1,zxing1.6,RELINK
0,3,1,1,1,1,5,0,5,0,7,1,6,2,0,3,4,1,3,1,1,1,0.0,1,1,1,1,zxing1.6,RELINK
0,15,1,1,1,1,11,0,10,1,25,2,21,3,2,13,17,3,14,2,2,2,0.1,3,3,3,2,zxing1.6,RELINK
0,4,1,1,1,1,13,2,5,5,126,8,45,37,73,8,10,6,4,2,2,2,1.62,3,3,3,2,zxing1.6,RELINK
0,97,3,3,4,2,16,0,15,0,236,21,190,46,25,101,140,53,87,10,10,11,0.13,47,47,53,25,zxing1.6,RELINK
0,22,3,3,3,1,13,1,11,0,62,10,49,13,4,27,37,15,22,5,5,6,0.08,13,13,15,7,zxing1.6,RELINK
0,35,2,2,2,1,18,1,14,3,108,15,76,30,21,49,58,27,31,4,4,4,0.28,10,10,10,5,zxing1.6,RELINK
0,20,3,3,3,1,18,2,13,2,93,14,58,24,21,45,50,30,20,10,10,11,0.36,13,13,14,4,zxing1.6,RELINK
1,23,5,5,8,4,17,0,15,1,60,3,47,9,10,19,32,10,22,11,11,19,0.21,15,15,24,13,zxing1.6,RELINK
0,6,1,1,1,1,6,0,6,0,18,3,15,6,0,8,10,4,6,1,1,1,0.0,2,2,2,2,zxing1.6,RELINK
1,5,1,1,1,1,7,0,7,0,11,2,9,2,0,5,6,1,5,1,1,1,0.0,1,1,1,1,zxing1.6,RELINK
1,5,1,1,1,1,7,0,7,0,11,2,9,2,0,5,6,1,5,1,1,1,0.0,1,1,1,1,zxing1.6,RELINK
0,3,1,1,2,1,8,1,6,0,20,5,14,8,1,7,10,7,3,2,2,3,0.07,3,3,4,2,zxing1.6,RELINK
0,1,1,1,1,1,3,0,3,0,5,0,5,2,0,1,3,2,1,1,1,1,0.0,1,1,1,1,zxing1.6,RELINK
0,1,1,1,1,1,3,0,3,0,5,0,5,2,0,1,3,2,1,1,1,1,0.0,1,1,1,1,zxing1.6,RELINK
0,30,1,1,2,1,6,0,6,0,111,12,67,19,35,35,50,20,30,4,4,4,0.52,17,17,18,11,zxing1.6,RELINK
0,33,2,2,2,1,11,0,11,0,62,5,57,12,0,46,52,19,33,3,3,3,0.0,12,12,12,5,zxing1.6,RELINK
1,111,2,2,2,1,10,0,10,0,241,26,201,52,18,105,147,50,97,7,7,8,0.09,41,41,43,23,zxing1.6,RELINK
0,98,4,3,9,2,23,0,21,2,195,8,153,31,36,76,92,38,54,10,6,39,0.24,31,24,67,16,zxing1.6,RELINK
0,128,3,3,3,2,15,0,12,2,498,42,341,147,167,145,197,75,122,10,10,11,0.49,65,65,73,48,zxing1.6,RELINK
0,4,1,1,1,1,3,0,3,0,17,3,14,6,0,6,9,5,4,1,1,1,0.0,3,3,3,3,zxing1.6,RELINK
0,59,5,5,6,3,24,1,22,0,137,15,119,32,3,63,90,39,51,12,12,15,0.03,29,29,33,17,zxing1.6,RELINK
0,45,3,3,3,3,21,1,20,0,101,12,88,26,1,48,62,26,36,6,6,7,0.01,14,14,15,12,zxing1.6,RELINK
0,18,1,1,1,1,11,0,10,1,43,4,35,9,5,15,22,10,12,3,3,3,0.14,5,5,5,3,zxing1.6,RELINK
0,98,5,4,5,2,26,0,21,5,1134,21,809,672,310,104,136,51,85,17,14,19,0.38,43,39,45,20,zxing1.6,RELINK
1,25,3,3,3,1,19,1,15,2,98,12,65,24,21,47,54,29,25,12,12,12,0.32,15,15,15,7,zxing1.6,RELINK
0,14,3,3,3,2,26,1,20,5,58,5,43,21,10,19,24,11,13,6,6,6,0.23,7,7,7,4,zxing1.6,RELINK
1,36,4,4,5,2,23,2,18,2,118,15,78,25,25,43,59,25,34,11,11,15,0.32,17,17,22,9,zxing1.6,RELINK
1,21,3,3,3,1,16,1,13,2,102,11,56,21,35,41,47,27,20,4,4,4,0.63,13,13,13,4,zxing1.6,RELINK
0,6,1,1,1,1,3,0,3,0,24,6,18,7,0,8,12,6,6,1,1,1,0.0,4,4,4,4,zxing1.6,RELINK
0,9,1,1,1,1,4,0,4,0,36,7,25,9,4,11,17,8,9,2,2,4,0.16,6,6,8,5,zxing1.6,RELINK
0,95,1,1,1,1,11,0,11,0,216,26,164,44,26,52,71,37,34,4,4,6,0.16,15,15,17,14,zxing1.6,RELINK
1,3,1,1,2,1,7,0,6,1,17,2,13,7,2,6,9,6,3,2,2,4,0.15,3,3,5,2,zxing1.6,RELINK
0,27,1,1,1,1,8,0,8,0,73,9,64,24,0,31,44,19,25,4,4,4,0.0,9,9,9,8,zxing1.6,RELINK
0,17,1,1,1,1,9,0,9,0,48,6,42,15,0,22,30,14,16,3,3,3,0.0,5,5,5,3,zxing1.6,RELINK
1,13,3,3,3,1,17,1,16,0,38,4,34,15,0,20,25,13,12,4,4,4,0.0,6,6,6,2,zxing1.6,RELINK
0,77,3,3,3,2,24,3,18,3,308,41,171,62,111,100,125,57,68,6,6,6,0.65,30,30,31,18,zxing1.6,RELINK
0,4,2,2,2,1,9,0,9,0,13,2,11,4,0,5,7,5,2,2,2,2,0.0,2,2,2,1,zxing1.6,RELINK
0,2,2,2,2,1,7,0,7,0,11,2,9,4,0,5,7,5,2,2,2,2,0.0,2,2,2,1,zxing1.6,RELINK
0,3,1,1,1,1,5,0,5,0,7,1,6,2,0,3,4,1,3,1,1,1,0.0,1,1,1,1,zxing1.6,RELINK
0,15,1,1,1,1,19,0,19,0,21,1,20,4,0,17,19,4,15,1,1,1,0.0,1,1,1,1,zxing1.6,RELINK
0,165,1,1,1,1,29,0,24,5,501,26,395,136,96,205,229,81,148,5,5,5,0.24,29,29,29,16,zxing1.6,RELINK
0,8,3,3,3,1,15,0,15,0,17,1,16,4,0,10,13,7,6,3,3,3,0.0,3,3,3,1,zxing1.6,RELINK
1,58,5,5,6,2,28,3,22,3,177,21,115,29,42,80,97,39,58,9,9,11,0.37,28,28,31,11,zxing1.6,RELINK
0,3,1,1,1,1,5,0,5,0,7,1,6,2,0,3,4,1,3,1,1,1,0.0,1,1,1,1,zxing1.6,RELINK
1,3,1,1,1,1,5,0,5,0,7,1,6,2,0,3,4,1,3,1,1,1,0.0,1,1,1,1,zxing1.6,RELINK
0,48,3,3,4,1,18,1,15,1,100,13,81,15,6,65,73,25,48,6,6,6,0.07,17,17,23,5,zxing1.6,RELINK
0,68,4,3,4,2,19,1,18,0,159,19,134,41,6,76,97,36,61,9,9,12,0.04,28,25,31,19,zxing1.6,RELINK
0,139,4,4,4,3,26,1,22,4,464,33,281,89,172,172,214,94,120,12,12,12,0.61,54,54,54,44,zxing1.6,RELINK
0,49,3,3,3,1,44,2,39,3,138,10,119,56,9,62,66,17,49,5,5,5,0.08,9,9,9,3,zxing1.6,RELINK
1,25,4,4,5,2,23,0,17,4,77,7,56,18,14,29,40,16,24,7,7,7,0.25,13,13,16,6,zxing1.6,RELINK
0,9,1,1,1,1,3,0,3,0,34,7,27,11,0,13,19,10,9,1,1,1,0.0,6,6,6,6,zxing1.6,RELINK
1,112,2,2,2,2,19,1,16,1,363,39,252,102,76,119,156,72,84,10,10,10,0.3,41,39,41,30,zxing1.6,RELINK
1,102,3,3,3,1,26,2,20,2,311,40,219,83,53,116,150,70,80,11,11,13,0.24,28,28,33,16,zxing1.6,RELINK
0,6,1,1,1,1,6,0,6,0,16,2,14,6,0,8,10,4,6,1,1,1,0.0,2,2,2,2,zxing1.6,RELINK
0,27,1,1,1,1,5,0,5,0,70,12,58,15,0,31,42,18,24,5,4,5,0.0,16,15,16,10,zxing1.6,RELINK
1,5,1,1,1,1,7,0,7,0,11,2,9,2,0,5,6,1,5,1,1,1,0.0,1,1,1,1,zxing1.6,RELINK
0,5,1,1,1,1,7,0,7,0,11,2,9,2,0,5,6,1,5,1,1,1,0.0,1,1,1,1,zxing1.6,RELINK
0,5,1,1,1,1,7,0,7,0,11,2,9,2,0,5,6,1,5,1,1,1,0.0,1,1,1,1,zxing1.6,RELINK
0,4,1,1,1,1,3,0,3,0,19,5,14,6,0,6,9,5,4,1,1,1,0.0,3,3,3,3,zxing1.6,RELINK
0,5,1,1,1,1,3,0,3,0,21,5,16,7,0,7,11,6,5,1,1,1,0.0,4,4,4,4,zxing1.6,RELINK
0,15,1,1,2,1,7,0,6,0,40,6,32,10,2,16,23,9,14,3,3,6,0.06,7,7,10,4,zxing1.6,RELINK
0,100,1,1,1,1,15,1,13,0,203,24,169,48,12,120,141,48,93,2,2,3,0.07,14,14,15,10,zxing1.6,RELINK
0,11,1,1,1,1,10,0,10,0,42,5,30,12,7,18,23,12,11,2,2,2,0.23,3,3,3,2,zxing1.6,RELINK
0,26,1,1,2,1,24,4,17,3,63,8,48,15,8,30,35,13,22,1,1,2,0.17,1,1,2,1,zxing1.6,RELINK
0,21,1,1,1,1,13,1,9,2,96,13,43,12,42,22,31,11,20,3,3,3,0.98,7,7,7,4,zxing1.6,RELINK
0,5,1,1,2,1,7,0,7,0,23,5,18,9,0,10,14,9,5,2,2,3,0.0,3,3,4,2,zxing1.6,RELINK
0,55,2,2,3,1,21,2,19,0,168,24,143,66,3,73,96,45,51,5,5,6,0.02,17,17,18,6,zxing1.6,RELINK
